2026-09-11 13:28:06,261 [apscheduler.scheduler] INFO: Adding job tentatively -- it will be properly scheduled when the scheduler starts
2026-09-11 13:28:06,263 [apscheduler.scheduler] INFO: Added job "schedule_wrapper" to job store "default"
2026-09-11 13:28:06,263 [apscheduler.scheduler] INFO: Scheduler started
2026-09-11 13:28:06,391 [main] INFO: GET / 200 0.109s
2026-09-11 13:28:09,929 [main] INFO: GET / 200 0.004s
2026-09-11 13:28:13,610 [apscheduler.scheduler] INFO: Scheduler has been shut down
2026-09-11 14:07:49,968 [apscheduler.scheduler] INFO: Adding job tentatively -- it will be properly scheduled when the scheduler starts
2026-09-11 14:07:49,969 [apscheduler.scheduler] INFO: Added job "schedule_wrapper" to job store "default"
2026-09-11 14:07:49,970 [apscheduler.scheduler] INFO: Scheduler started
2026-09-11 14:08:00,978 [passlib.handlers.bcrypt] WARNING: (trapped) error reading bcrypt version
Traceback (most recent call last):
  File "C:\Users\user\Pictures\subscription-manager\venv\Lib\site-packages\passlib\handlers\bcrypt.py", line 620, in _load_backend_mixin
    version = _bcrypt.__about__.__version__
              ^^^^^^^^^^^^^^^^^
AttributeError: module 'bcrypt' has no attribute '__about__'
2026-09-11 14:08:01,347 [main] INFO: POST /api/auth/login 200 0.491s
2026-09-11 14:08:01,396 [main] INFO: GET /api/auth/me 200 0.043s
2026-09-11 14:08:01,631 [main] INFO: GET /api/card/ 200 0.274s
2026-09-11 14:08:04,565 [main] INFO: GET / 200 0.094s
2026-09-11 14:08:04,641 [main] INFO: GET /api/card/ 200 0.016s
2026-09-11 14:08:04,646 [main] INFO: GET /api/auth/me 200 0.024s
2026-09-11 14:08:13,106 [apscheduler.scheduler] INFO: Scheduler has been shut down
2026-09-11 14:10:39,540 [apscheduler.scheduler] INFO: Adding job tentatively -- it will be properly scheduled when the scheduler starts
2026-09-11 14:10:39,542 [apscheduler.scheduler] INFO: Added job "schedule_wrapper" to job store "default"
2026-09-11 14:10:39,542 [apscheduler.scheduler] INFO: Scheduler started
2026-09-11 14:10:41,668 [main] INFO: GET / 200 0.101s
2026-09-11 14:10:41,850 [main] INFO: GET /api/card/ 200 0.071s
2026-09-11 14:10:41,858 [main] INFO: GET /api/auth/me 200 0.109s
2026-09-11 14:10:41,885 [main] INFO: GET /api/transaction/ 200 0.098s
2026-09-11 14:10:41,894 [main] INFO: GET /api/application/ 200 0.107s
2026-09-11 14:11:07,559 [main] INFO: GET /api/auth/me 200 0.015s
2026-09-11 14:11:07,566 [main] INFO: GET /api/card/ 200 0.020s
2026-09-11 14:11:07,591 [main] INFO: GET /api/transaction/ 200 0.030s
2026-09-11 14:11:07,603 [main] INFO: GET /api/application/ 200 0.052s
2026-09-11 15:26:01,598 [apscheduler.scheduler] INFO: Adding job tentatively -- it will be properly scheduled when the scheduler starts
2026-09-11 15:26:01,599 [apscheduler.scheduler] INFO: Added job "schedule_wrapper" to job store "default"
2026-09-11 15:26:01,599 [apscheduler.scheduler] INFO: Scheduler started
2026-09-11 15:29:09,194 [apscheduler.scheduler] INFO: Scheduler has been shut down
2026-09-11 15:29:22,991 [apscheduler.scheduler] INFO: Adding job tentatively -- it will be properly scheduled when the scheduler starts
2026-09-11 15:29:22,993 [apscheduler.scheduler] INFO: Added job "schedule_wrapper" to job store "default"
2026-09-11 15:29:22,993 [apscheduler.scheduler] INFO: Scheduler started
2026-09-11 15:29:32,838 [main] INFO: GET / 200 0.119s
2026-09-11 15:29:36,115 [main] INFO: GET / 200 0.004s
2026-09-11 15:29:36,275 [main] INFO: GET / 200 0.003s
2026-09-11 15:29:36,410 [main] INFO: GET / 200 0.005s
2026-09-11 15:29:48,737 [main] INFO: GET / 200 0.005s
2026-09-11 15:29:48,855 [main] INFO: GET / 200 0.002s
2026-09-11 15:30:00,017 [apscheduler.scheduler] INFO: Scheduler has been shut down
2026-09-11 15:30:57,062 [apscheduler.scheduler] INFO: Adding job tentatively -- it will be properly scheduled when the scheduler starts
2026-09-11 15:30:57,064 [apscheduler.scheduler] INFO: Added job "schedule_wrapper" to job store "default"
2026-09-11 15:30:57,065 [apscheduler.scheduler] INFO: Scheduler started
2026-09-11 15:31:00,662 [main] INFO: GET / 200 0.111s
2026-09-11 15:31:01,388 [main] INFO: GET / 200 0.003s
2026-09-11 17:13:32,344 [main] INFO: GET / 200 0.019s
2026-09-11 17:13:32,572 [main] INFO: GET / 200 0.002s
2026-09-11 17:14:20,247 [main] INFO: GET / 200 0.003s
2026-09-11 17:14:22,793 [main] INFO: GET / 200 0.003s
2026-09-11 17:15:12,226 [main] INFO: GET / 200 0.003s
2026-09-11 17:18:40,059 [main] INFO: GET / 200 0.003s
2026-09-11 17:18:55,653 [main] INFO: GET / 200 0.002s
2026-09-11 17:18:55,944 [main] INFO: GET / 200 0.002s
2026-09-11 17:18:56,143 [main] INFO: GET / 200 0.003s
2026-09-11 17:19:36,511 [main] INFO: GET / 200 0.003s
2026-09-11 17:19:39,798 [main] INFO: GET / 200 0.003s
2026-09-11 17:19:40,222 [main] INFO: GET / 200 0.003s
2026-09-11 17:19:40,417 [main] INFO: GET / 200 0.002s
2026-09-11 17:19:40,599 [main] INFO: GET / 200 0.002s
2026-09-11 17:19:44,044 [main] INFO: GET / 200 0.002s
2026-09-11 17:20:11,623 [main] INFO: GET / 200 0.002s
2026-09-11 17:20:23,034 [main] INFO: GET / 200 0.005s
2026-09-11 17:20:23,225 [main] INFO: GET / 200 0.002s
2026-09-11 17:20:23,374 [main] INFO: GET / 200 0.002s
2026-09-11 17:21:38,281 [main] INFO: GET / 200 0.003s
2026-09-11 17:22:27,095 [main] INFO: GET / 200 0.003s
2026-09-11 17:22:28,478 [main] INFO: GET / 200 0.003s
2026-09-11 17:23:01,845 [main] INFO: GET / 200 0.004s
2026-09-11 17:23:02,382 [main] INFO: GET / 200 0.003s
2026-09-11 17:23:02,565 [main] INFO: GET / 200 0.002s
2026-09-11 17:23:20,621 [main] INFO: GET / 200 0.003s
2026-09-11 17:23:21,167 [main] INFO: GET / 200 0.004s
2026-09-11 17:23:21,335 [main] INFO: GET / 200 0.001s
2026-09-11 17:23:21,480 [main] INFO: GET / 200 0.002s
2026-09-11 17:23:21,597 [main] INFO: GET / 200 0.002s
2026-09-11 17:23:24,262 [main] INFO: GET / 200 0.003s
2026-09-11 17:23:25,006 [main] INFO: GET / 200 0.003s
2026-09-11 17:23:25,189 [main] INFO: GET / 200 0.001s
2026-09-11 17:23:25,372 [main] INFO: GET / 200 0.002s
2026-09-11 17:23:25,542 [main] INFO: GET / 200 0.002s
2026-09-11 17:23:51,031 [main] INFO: GET / 200 0.003s
2026-09-11 17:23:52,694 [main] INFO: GET / 200 0.003s
2026-09-11 17:23:59,517 [main] INFO: GET /.well-known/appspecific/com.chrome.devtools.json 404 0.002s
2026-09-11 17:24:18,671 [main] INFO: GET / 200 0.002s
2026-09-11 17:24:18,777 [main] INFO: GET /.well-known/appspecific/com.chrome.devtools.json 404 0.002s
2026-09-11 17:24:47,757 [main] INFO: GET / 200 0.002s
2026-09-11 17:24:47,830 [main] INFO: GET /.well-known/appspecific/com.chrome.devtools.json 404 0.001s
2026-09-11 17:25:13,477 [main] INFO: GET / 200 0.002s
2026-09-11 17:25:13,587 [main] INFO: GET /.well-known/appspecific/com.chrome.devtools.json 404 0.001s
2026-09-11 17:25:51,326 [main] INFO: GET / 200 0.002s
2026-09-11 17:25:51,759 [main] INFO: GET / 200 0.002s
2026-09-11 17:25:51,927 [main] INFO: GET / 200 0.002s
2026-09-11 17:25:52,100 [main] INFO: GET / 200 0.003s
2026-09-11 17:25:52,224 [main] INFO: GET / 200 0.002s
2026-09-11 17:26:47,286 [main] INFO: GET / 200 0.005s
2026-09-11 17:26:49,117 [main] INFO: GET / 200 0.002s
2026-09-11 17:27:07,540 [main] INFO: GET / 200 0.003s
2026-09-11 17:27:13,646 [main] INFO: GET /.well-known/appspecific/com.chrome.devtools.json 404 0.001s
2026-09-11 17:28:30,865 [main] INFO: GET / 200 0.002s
2026-09-11 17:28:55,956 [main] INFO: GET / 200 0.003s
2026-09-11 17:28:56,482 [main] INFO: GET / 200 0.003s
2026-09-11 17:29:07,031 [main] INFO: GET /.well-known/appspecific/com.chrome.devtools.json 404 0.001s
2026-09-11 17:30:55,464 [main] INFO: GET / 200 0.002s
2026-09-11 17:30:56,396 [main] INFO: GET /printables 200 0.003s
2026-09-11 17:30:56,503 [main] INFO: GET /favicon.ico 404 0.001s
2026-09-11 17:31:27,034 [main] INFO: GET / 200 0.003s
2026-09-11 17:31:27,779 [main] INFO: GET / 200 0.003s
2026-09-11 17:31:28,842 [main] INFO: GET / 200 0.002s
2026-09-11 17:31:29,309 [main] INFO: GET / 200 0.002s
2026-09-11 17:31:29,569 [main] INFO: GET / 200 0.002s
2026-09-11 17:31:29,726 [main] INFO: GET / 200 0.002s
2026-09-11 17:31:33,974 [main] INFO: GET /.well-known/appspecific/com.chrome.devtools.json 404 0.001s
2026-09-11 17:35:13,205 [main] INFO: GET / 200 0.002s
2026-09-11 17:35:13,275 [main] INFO: GET /.well-known/appspecific/com.chrome.devtools.json 404 0.001s
2026-09-11 17:35:21,196 [main] INFO: GET / 200 0.002s
2026-09-11 17:35:21,265 [main] INFO: GET /.well-known/appspecific/com.chrome.devtools.json 404 0.001s
2026-09-11 17:35:27,861 [main] INFO: GET / 200 0.002s
2026-09-11 17:35:27,937 [main] INFO: GET /.well-known/appspecific/com.chrome.devtools.json 404 0.001s
2026-09-11 17:35:31,192 [main] INFO: GET / 200 0.002s
2026-09-11 17:35:31,256 [main] INFO: GET /.well-known/appspecific/com.chrome.devtools.json 404 0.001s
2026-09-11 17:35:38,338 [main] INFO: GET / 200 0.004s
2026-09-11 17:35:38,398 [main] INFO: GET /.well-known/appspecific/com.chrome.devtools.json 404 0.001s
2026-09-11 17:36:00,809 [main] INFO: GET / 200 0.002s
2026-09-11 17:36:00,997 [main] INFO: GET /.well-known/appspecific/com.chrome.devtools.json 404 0.001s
2026-09-11 17:36:10,747 [main] INFO: GET /printables 200 0.002s
2026-09-11 17:36:11,599 [main] INFO: GET /printables 200 0.002s
2026-09-11 17:36:36,677 [main] INFO: GET /printables 200 0.002s
2026-09-11 17:36:45,816 [main] INFO: GET /printables 200 0.003s
2026-09-11 17:37:03,435 [main] INFO: GET / 200 0.005s
2026-09-11 17:37:03,503 [main] INFO: GET /.well-known/appspecific/com.chrome.devtools.json 404 0.001s
2026-09-11 17:37:04,604 [main] INFO: GET / 200 0.002s
2026-09-11 17:37:04,666 [main] INFO: GET /.well-known/appspecific/com.chrome.devtools.json 404 0.001s
2026-09-11 17:37:08,239 [main] INFO: GET / 200 0.002s
2026-09-11 17:37:08,315 [main] INFO: GET /.well-known/appspecific/com.chrome.devtools.json 404 0.001s
2026-09-11 17:37:13,830 [main] INFO: GET / 200 0.002s
2026-09-11 17:37:13,893 [main] INFO: GET /.well-known/appspecific/com.chrome.devtools.json 404 0.001s
2026-09-11 17:37:23,031 [main] INFO: GET / 200 0.002s
2026-09-11 17:37:23,099 [main] INFO: GET /.well-known/appspecific/com.chrome.devtools.json 404 0.001s
2026-09-11 17:37:23,235 [main] INFO: GET / 200 0.002s
2026-09-11 17:37:23,312 [main] INFO: GET /.well-known/appspecific/com.chrome.devtools.json 404 0.001s
2026-09-11 17:37:23,405 [main] INFO: GET / 200 0.002s
2026-09-11 17:37:23,471 [main] INFO: GET /.well-known/appspecific/com.chrome.devtools.json 404 0.002s
2026-09-11 17:38:09,391 [main] INFO: GET /printables 200 0.004s
2026-09-11 17:38:10,185 [main] INFO: GET /printables 200 0.003s
2026-09-11 17:38:47,688 [main] INFO: GET /printables 200 0.003s
2026-09-11 17:39:21,841 [main] INFO: GET /printables 200 0.003s
2026-09-11 17:40:36,281 [main] INFO: GET /printables 200 0.002s
2026-09-11 17:41:34,553 [main] INFO: GET /printables 200 0.002s
2026-09-11 17:43:06,201 [main] INFO: GET /printables 200 0.004s
2026-09-11 17:44:20,061 [main] INFO: GET /printables 200 0.002s
2026-09-11 17:44:33,814 [main] INFO: GET /printables 200 0.003s
2026-09-11 17:44:34,194 [main] INFO: GET / 200 0.002s
2026-09-11 17:44:34,616 [main] INFO: GET /printables 200 0.002s
2026-09-11 17:44:34,981 [main] INFO: GET / 200 0.002s
2026-09-11 17:44:35,664 [main] INFO: GET /printables 200 0.002s
2026-09-11 17:45:00,086 [main] INFO: GET /printables 200 0.003s
2026-09-11 17:45:28,485 [main] INFO: GET / 200 0.003s
2026-09-11 17:51:35,479 [apscheduler.scheduler] INFO: Adding job tentatively -- it will be properly scheduled when the scheduler starts
2026-09-11 17:51:35,480 [apscheduler.scheduler] INFO: Added job "schedule_wrapper" to job store "default"
2026-09-11 17:51:35,480 [apscheduler.scheduler] INFO: Scheduler started
2026-09-11 17:51:35,724 [main] INFO: GET / 200 0.091s
2026-09-11 17:51:36,320 [main] INFO: GET /docs 200 0.001s
2026-09-11 17:51:37,265 [main] INFO: GET /openapi.json 200 0.105s
2026-09-11 17:51:41,099 [main] INFO: GET /db 401 0.002s
2026-09-11 17:51:42,782 [main] INFO: GET /db 401 0.001s
2026-09-11 17:55:12,659 [apscheduler.scheduler] INFO: Scheduler has been shut down
2026-09-11 17:55:16,806 [apscheduler.scheduler] INFO: Adding job tentatively -- it will be properly scheduled when the scheduler starts
2026-09-11 17:55:16,808 [apscheduler.scheduler] INFO: Added job "schedule_wrapper" to job store "default"
2026-09-11 17:55:16,808 [apscheduler.scheduler] INFO: Scheduler started
2026-09-11 17:55:16,921 [apscheduler.scheduler] INFO: Scheduler has been shut down
2026-09-11 17:55:19,995 [apscheduler.scheduler] INFO: Adding job tentatively -- it will be properly scheduled when the scheduler starts
2026-09-11 17:55:19,997 [apscheduler.scheduler] INFO: Added job "schedule_wrapper" to job store "default"
2026-09-11 17:55:19,998 [apscheduler.scheduler] INFO: Scheduler started
2026-09-14 08:40:02,446 [apscheduler.scheduler] INFO: Adding job tentatively -- it will be properly scheduled when the scheduler starts
2026-09-14 08:40:02,449 [apscheduler.scheduler] INFO: Added job "schedule_wrapper" to job store "default"
2026-09-14 08:40:02,449 [apscheduler.scheduler] INFO: Scheduler started
2026-09-14 08:41:07,798 [main] INFO: GET / 200 0.109s
2026-09-14 08:41:07,905 [main] INFO: GET /static/favicon.ico 200 0.012s
2026-09-14 08:41:10,387 [main] INFO: GET / 200 0.002s
2026-09-14 08:41:18,835 [main] INFO: GET / 200 0.002s
2026-09-14 08:41:48,378 [apscheduler.scheduler] INFO: Scheduler has been shut down
2026-09-14 08:41:51,007 [apscheduler.scheduler] INFO: Adding job tentatively -- it will be properly scheduled when the scheduler starts
2026-09-14 08:41:51,008 [apscheduler.scheduler] INFO: Added job "schedule_wrapper" to job store "default"
2026-09-14 08:41:51,008 [apscheduler.scheduler] INFO: Scheduler started
2026-09-14 12:27:57,328 [apscheduler.scheduler] INFO: Adding job tentatively -- it will be properly scheduled when the scheduler starts
2026-09-14 12:27:57,331 [apscheduler.scheduler] INFO: Added job "schedule_wrapper" to job store "default"
2026-09-14 12:27:57,331 [apscheduler.scheduler] INFO: Scheduler started
2026-09-14 12:27:57,574 [main] INFO: GET / 200 0.110s
2026-09-14 12:27:57,609 [main] INFO: GET /static/favicon.ico 200 0.004s
2026-09-14 12:29:18,085 [apscheduler.scheduler] INFO: Scheduler has been shut down
2026-09-14 12:29:21,354 [apscheduler.scheduler] INFO: Adding job tentatively -- it will be properly scheduled when the scheduler starts
2026-09-14 12:29:21,355 [apscheduler.scheduler] INFO: Added job "schedule_wrapper" to job store "default"
2026-09-14 12:29:21,355 [apscheduler.scheduler] INFO: Scheduler started
2026-09-14 12:29:23,028 [apscheduler.scheduler] INFO: Scheduler has been shut down
2026-09-14 12:29:25,911 [apscheduler.scheduler] INFO: Adding job tentatively -- it will be properly scheduled when the scheduler starts
2026-09-14 12:29:25,913 [apscheduler.scheduler] INFO: Added job "schedule_wrapper" to job store "default"
2026-09-14 12:29:25,913 [apscheduler.scheduler] INFO: Scheduler started
2026-09-14 12:29:29,256 [apscheduler.scheduler] INFO: Scheduler has been shut down
2026-09-14 12:29:32,409 [apscheduler.scheduler] INFO: Adding job tentatively -- it will be properly scheduled when the scheduler starts
2026-09-14 12:29:32,410 [apscheduler.scheduler] INFO: Added job "schedule_wrapper" to job store "default"
2026-09-14 12:29:32,410 [apscheduler.scheduler] INFO: Scheduler started
2026-09-14 12:29:34,856 [apscheduler.scheduler] INFO: Scheduler has been shut down
2026-09-14 12:29:37,703 [apscheduler.scheduler] INFO: Adding job tentatively -- it will be properly scheduled when the scheduler starts
2026-09-14 12:29:37,704 [apscheduler.scheduler] INFO: Added job "schedule_wrapper" to job store "default"
2026-09-14 12:29:37,705 [apscheduler.scheduler] INFO: Scheduler started
2026-09-14 12:29:54,260 [main] INFO: GET / 200 0.098s
2026-09-14 12:30:53,914 [apscheduler.scheduler] INFO: Scheduler has been shut down
2026-09-14 12:30:57,075 [apscheduler.scheduler] INFO: Adding job tentatively -- it will be properly scheduled when the scheduler starts
2026-09-14 12:30:57,076 [apscheduler.scheduler] INFO: Added job "schedule_wrapper" to job store "default"
2026-09-14 12:30:57,076 [apscheduler.scheduler] INFO: Scheduler started
2026-09-14 12:31:16,157 [apscheduler.scheduler] INFO: Scheduler has been shut down
2026-09-14 12:31:19,899 [apscheduler.scheduler] INFO: Adding job tentatively -- it will be properly scheduled when the scheduler starts
2026-09-14 12:31:19,900 [apscheduler.scheduler] INFO: Added job "schedule_wrapper" to job store "default"
2026-09-14 12:31:19,901 [apscheduler.scheduler] INFO: Scheduler started
2026-09-14 12:31:20,016 [apscheduler.scheduler] INFO: Scheduler has been shut down
2026-09-14 12:31:22,687 [apscheduler.scheduler] INFO: Adding job tentatively -- it will be properly scheduled when the scheduler starts
2026-09-14 12:31:22,688 [apscheduler.scheduler] INFO: Added job "schedule_wrapper" to job store "default"
2026-09-14 12:31:22,688 [apscheduler.scheduler] INFO: Scheduler started
2026-09-14 12:31:28,805 [apscheduler.scheduler] INFO: Scheduler has been shut down
2026-09-14 12:31:31,493 [apscheduler.scheduler] INFO: Adding job tentatively -- it will be properly scheduled when the scheduler starts
2026-09-14 12:31:31,494 [apscheduler.scheduler] INFO: Added job "schedule_wrapper" to job store "default"
2026-09-14 12:31:31,495 [apscheduler.scheduler] INFO: Scheduler started
2026-09-14 12:31:44,940 [main] INFO: GET / 200 0.103s
2026-09-14 12:31:46,542 [main] INFO: GET / 200 0.004s
2026-09-14 12:31:53,160 [main] INFO: GET / 200 0.003s
2026-09-14 12:31:54,189 [main] INFO: GET / 200 0.003s
2026-09-14 12:31:54,237 [main] INFO: GET /static/favicon.ico 200 0.011s
2026-09-14 12:31:56,675 [apscheduler.scheduler] INFO: Scheduler has been shut down
2026-09-14 12:32:00,988 [apscheduler.scheduler] INFO: Adding job tentatively -- it will be properly scheduled when the scheduler starts
2026-09-14 12:32:00,989 [apscheduler.scheduler] INFO: Added job "schedule_wrapper" to job store "default"
2026-09-14 12:32:00,989 [apscheduler.scheduler] INFO: Scheduler started
2026-09-14 12:32:01,239 [main] INFO: GET / 200 0.095s
2026-09-14 12:32:03,940 [main] INFO: GET / 200 0.002s
2026-09-14 12:32:25,737 [main] INFO: GET /.well-known/appspecific/com.chrome.devtools.json 404 0.001s
2026-09-14 12:32:47,397 [main] INFO: GET / 200 0.003s
2026-09-14 12:32:47,602 [main] INFO: GET /.well-known/appspecific/com.chrome.devtools.json 404 0.001s
2026-09-14 12:33:01,844 [apscheduler.scheduler] INFO: Scheduler has been shut down
2026-09-14 12:33:06,325 [apscheduler.scheduler] INFO: Adding job tentatively -- it will be properly scheduled when the scheduler starts
2026-09-14 12:33:06,326 [apscheduler.scheduler] INFO: Added job "schedule_wrapper" to job store "default"
2026-09-14 12:33:06,326 [apscheduler.scheduler] INFO: Scheduler started
2026-09-14 12:33:06,559 [main] INFO: GET / 200 0.093s
2026-09-14 12:33:06,701 [main] INFO: GET /.well-known/appspecific/com.chrome.devtools.json 404 0.001s
2026-09-14 12:33:07,712 [main] INFO: GET / 200 0.005s
2026-09-14 12:33:07,905 [main] INFO: GET /.well-known/appspecific/com.chrome.devtools.json 404 0.001s
2026-09-14 12:33:09,191 [main] INFO: GET / 200 0.002s
2026-09-14 12:33:09,243 [main] INFO: GET /static/favicon.ico 200 0.002s
2026-09-14 12:33:09,258 [main] INFO: GET /.well-known/appspecific/com.chrome.devtools.json 404 0.001s
2026-09-14 12:33:16,813 [main] INFO: GET /docs 200 0.001s
2026-09-14 12:33:16,927 [main] INFO: GET /.well-known/appspecific/com.chrome.devtools.json 404 0.001s
2026-09-14 12:33:17,990 [main] INFO: GET /openapi.json 200 0.242s
2026-09-14 12:33:27,985 [passlib.handlers.bcrypt] WARNING: (trapped) error reading bcrypt version
Traceback (most recent call last):
  File "C:\Users\user\Pictures\subscription-manager\venv\Lib\site-packages\passlib\handlers\bcrypt.py", line 620, in _load_backend_mixin
    version = _bcrypt.__about__.__version__
              ^^^^^^^^^^^^^^^^^
AttributeError: module 'bcrypt' has no attribute '__about__'
2026-09-14 12:33:28,363 [main] INFO: POST /api/auth/login 200 5.234s
2026-09-14 12:33:31,483 [main] INFO: POST /api/auth/login 200 3.781s
2026-09-14 12:33:38,420 [main] INFO: POST /api/auth/login 404 0.912s
2026-09-14 12:33:47,012 [main] INFO: POST /api/auth/login 200 0.738s
2026-09-14 12:33:52,745 [main] INFO: GET / 200 0.002s
2026-09-14 12:34:06,687 [main] INFO: GET / 200 0.004s
2026-09-14 12:34:07,482 [main] INFO: GET / 200 0.003s
2026-09-14 12:34:07,717 [main] INFO: GET / 200 0.002s
2026-09-14 12:34:07,922 [main] INFO: GET / 200 0.003s
2026-09-14 12:34:08,050 [main] INFO: GET / 200 0.002s
2026-09-14 12:34:13,485 [main] INFO: GET / 200 0.003s
2026-09-14 12:34:13,513 [main] INFO: GET /static/favicon.ico 200 0.005s
2026-09-14 12:34:48,335 [apscheduler.scheduler] INFO: Scheduler has been shut down
2026-09-14 12:34:51,084 [apscheduler.scheduler] INFO: Adding job tentatively -- it will be properly scheduled when the scheduler starts
2026-09-14 12:34:51,086 [apscheduler.scheduler] INFO: Added job "schedule_wrapper" to job store "default"
2026-09-14 12:34:51,086 [apscheduler.scheduler] INFO: Scheduler started
2026-09-14 12:34:54,753 [apscheduler.scheduler] INFO: Scheduler has been shut down
2026-09-14 12:34:57,461 [apscheduler.scheduler] INFO: Adding job tentatively -- it will be properly scheduled when the scheduler starts
2026-09-14 12:34:57,462 [apscheduler.scheduler] INFO: Added job "schedule_wrapper" to job store "default"
2026-09-14 12:34:57,463 [apscheduler.scheduler] INFO: Scheduler started
2026-09-14 12:34:57,577 [apscheduler.scheduler] INFO: Scheduler has been shut down
2026-09-14 12:35:01,038 [apscheduler.scheduler] INFO: Adding job tentatively -- it will be properly scheduled when the scheduler starts
2026-09-14 12:35:01,040 [apscheduler.scheduler] INFO: Added job "schedule_wrapper" to job store "default"
2026-09-14 12:35:01,040 [apscheduler.scheduler] INFO: Scheduler started
2026-09-14 12:35:24,382 [main] INFO: GET / 200 0.101s
2026-09-14 12:35:32,350 [main] INFO: GET /.well-known/appspecific/com.chrome.devtools.json 404 0.001s
2026-09-14 12:35:33,598 [passlib.handlers.bcrypt] WARNING: (trapped) error reading bcrypt version
Traceback (most recent call last):
  File "C:\Users\user\Pictures\subscription-manager\venv\Lib\site-packages\passlib\handlers\bcrypt.py", line 620, in _load_backend_mixin
    version = _bcrypt.__about__.__version__
              ^^^^^^^^^^^^^^^^^
AttributeError: module 'bcrypt' has no attribute '__about__'
2026-09-14 12:35:33,995 [main] INFO: POST /api/auth/login 200 5.779s
2026-09-14 12:35:37,511 [main] INFO: GET /api/card/ 200 3.506s
2026-09-14 12:35:38,703 [main] INFO: GET /api/auth/me 200 4.704s
2026-09-14 12:35:40,084 [main] INFO: GET /api/transaction/ 200 6.057s
2026-09-14 12:35:40,308 [main] INFO: GET /api/application/ 200 6.281s
2026-09-14 12:35:42,302 [main] INFO: GET / 200 0.003s
2026-09-14 12:35:42,970 [main] INFO: GET /api/auth/me 200 0.583s
2026-09-14 12:35:42,978 [main] INFO: GET /api/card/ 200 0.587s
2026-09-14 12:35:43,781 [main] INFO: GET /api/application/ 200 1.385s
2026-09-14 12:35:43,791 [main] INFO: GET /api/transaction/ 200 1.391s
2026-09-14 12:35:50,403 [main] INFO: GET / 200 0.002s
2026-09-14 12:35:56,867 [main] INFO: POST /api/auth/login 200 2.251s
2026-09-14 12:35:57,268 [main] INFO: GET /api/auth/me_service 200 0.397s
2026-09-14 12:35:57,680 [main] INFO: GET /api/transaction/ 200 0.806s
2026-09-14 12:35:58,438 [main] INFO: GET /api/application/ 200 1.564s
2026-09-14 12:36:11,310 [main] INFO: POST /api/card/charge 400 3.453s
2026-09-14 12:36:45,884 [apscheduler.scheduler] INFO: Scheduler has been shut down
2026-09-14 12:36:49,375 [apscheduler.scheduler] INFO: Adding job tentatively -- it will be properly scheduled when the scheduler starts
2026-09-14 12:36:49,376 [apscheduler.scheduler] INFO: Added job "schedule_wrapper" to job store "default"
2026-09-14 12:36:49,377 [apscheduler.scheduler] INFO: Scheduler started
2026-09-14 12:36:57,758 [main] INFO: POST /api/card/charge 400 8.371s
2026-09-14 12:37:02,264 [main] INFO: POST /api/card/charge 400 6.946s
2026-09-14 12:37:07,509 [apscheduler.scheduler] INFO: Scheduler has been shut down
2026-09-14 12:37:10,387 [apscheduler.scheduler] INFO: Adding job tentatively -- it will be properly scheduled when the scheduler starts
2026-09-14 12:37:10,388 [apscheduler.scheduler] INFO: Added job "schedule_wrapper" to job store "default"
2026-09-14 12:37:10,388 [apscheduler.scheduler] INFO: Scheduler started
2026-09-14 12:37:18,385 [apscheduler.scheduler] INFO: Scheduler has been shut down
2026-09-14 12:37:21,135 [apscheduler.scheduler] INFO: Adding job tentatively -- it will be properly scheduled when the scheduler starts
2026-09-14 12:37:21,136 [apscheduler.scheduler] INFO: Added job "schedule_wrapper" to job store "default"
2026-09-14 12:37:21,136 [apscheduler.scheduler] INFO: Scheduler started
2026-09-14 12:37:29,276 [main] INFO: POST /api/card/charge 400 8.128s
2026-09-14 12:37:41,472 [apscheduler.scheduler] INFO: Scheduler has been shut down
2026-09-14 12:37:44,703 [apscheduler.scheduler] INFO: Adding job tentatively -- it will be properly scheduled when the scheduler starts
2026-09-14 12:37:44,704 [apscheduler.scheduler] INFO: Added job "schedule_wrapper" to job store "default"
2026-09-14 12:37:44,704 [apscheduler.scheduler] INFO: Scheduler started
2026-09-14 12:37:51,294 [main] INFO: POST /api/card/charge 404 6.543s
2026-09-14 12:37:57,505 [apscheduler.scheduler] INFO: Scheduler has been shut down
2026-09-14 12:38:00,714 [apscheduler.scheduler] INFO: Adding job tentatively -- it will be properly scheduled when the scheduler starts
2026-09-14 12:38:00,716 [apscheduler.scheduler] INFO: Added job "schedule_wrapper" to job store "default"
2026-09-14 12:38:00,716 [apscheduler.scheduler] INFO: Scheduler started
2026-09-14 12:38:00,832 [apscheduler.scheduler] INFO: Scheduler has been shut down
2026-09-14 12:38:03,118 [apscheduler.scheduler] INFO: Adding job tentatively -- it will be properly scheduled when the scheduler starts
2026-09-14 12:38:03,119 [apscheduler.scheduler] INFO: Added job "schedule_wrapper" to job store "default"
2026-09-14 12:38:03,120 [apscheduler.scheduler] INFO: Scheduler started
2026-09-14 12:38:07,338 [apscheduler.scheduler] INFO: Scheduler has been shut down
2026-09-14 12:38:26,312 [apscheduler.scheduler] INFO: Adding job tentatively -- it will be properly scheduled when the scheduler starts
2026-09-14 12:38:26,314 [apscheduler.scheduler] INFO: Added job "schedule_wrapper" to job store "default"
2026-09-14 12:38:26,314 [apscheduler.scheduler] INFO: Scheduler started
2026-09-14 12:38:26,430 [apscheduler.scheduler] INFO: Scheduler has been shut down
2026-09-14 12:38:28,732 [apscheduler.scheduler] INFO: Adding job tentatively -- it will be properly scheduled when the scheduler starts
2026-09-14 12:38:28,733 [apscheduler.scheduler] INFO: Added job "schedule_wrapper" to job store "default"
2026-09-14 12:38:28,734 [apscheduler.scheduler] INFO: Scheduler started
2026-09-14 12:38:51,892 [main] INFO: GET / 200 0.098s
2026-09-14 12:38:58,552 [main] INFO: GET /api/auth/me_service 200 6.619s
2026-09-14 12:38:59,373 [main] INFO: GET /api/application/ 200 7.431s
2026-09-14 12:38:59,515 [main] INFO: GET /api/transaction/ 200 7.565s
2026-09-14 12:38:59,563 [main] INFO: POST /api/card/charge 200 18.198s
2026-09-14 12:39:09,316 [apscheduler.scheduler] INFO: Scheduler has been shut down
2026-09-14 12:39:12,016 [apscheduler.scheduler] INFO: Adding job tentatively -- it will be properly scheduled when the scheduler starts
2026-09-14 12:39:12,017 [apscheduler.scheduler] INFO: Added job "schedule_wrapper" to job store "default"
2026-09-14 12:39:12,018 [apscheduler.scheduler] INFO: Scheduler started
2026-09-14 12:39:12,124 [apscheduler.scheduler] INFO: Scheduler has been shut down
2026-09-14 12:39:14,579 [apscheduler.scheduler] INFO: Adding job tentatively -- it will be properly scheduled when the scheduler starts
2026-09-14 12:39:14,580 [apscheduler.scheduler] INFO: Added job "schedule_wrapper" to job store "default"
2026-09-14 12:39:14,580 [apscheduler.scheduler] INFO: Scheduler started
2026-09-14 12:39:14,690 [apscheduler.scheduler] INFO: Scheduler has been shut down
2026-09-14 12:39:17,181 [apscheduler.scheduler] INFO: Adding job tentatively -- it will be properly scheduled when the scheduler starts
2026-09-14 12:39:17,183 [apscheduler.scheduler] INFO: Added job "schedule_wrapper" to job store "default"
2026-09-14 12:39:17,183 [apscheduler.scheduler] INFO: Scheduler started
2026-09-14 12:39:48,918 [main] INFO: GET / 200 0.109s
2026-09-14 12:39:54,168 [main] INFO: GET /api/auth/me_service 200 5.192s
2026-09-14 12:39:55,544 [main] INFO: GET /api/transaction/ 200 6.548s
2026-09-14 12:39:55,664 [main] INFO: GET /api/application/ 200 6.669s
2026-09-14 12:40:16,584 [main] INFO: POST /api/card/charge 200 13.024s
2026-09-14 12:40:17,613 [main] INFO: GET /api/transaction/ 200 1.023s
2026-09-14 12:40:17,808 [main] INFO: GET /api/application/ 200 1.212s
2026-09-14 12:40:19,696 [main] INFO: GET /api/auth/me_service 200 3.101s
2026-09-14 12:40:19,801 [main] INFO: GET / 200 0.002s
2026-09-14 12:40:20,259 [main] INFO: GET /api/auth/me_service 200 0.392s
2026-09-14 12:40:20,657 [main] INFO: GET /api/application/ 200 0.786s
2026-09-14 12:40:20,869 [main] INFO: GET /api/transaction/ 200 0.993s
2026-09-14 12:40:22,699 [main] INFO: GET / 200 0.003s
2026-09-14 12:40:23,157 [main] INFO: GET /api/auth/me_service 200 0.389s
2026-09-14 12:40:23,590 [main] INFO: GET /api/transaction/ 200 0.819s
2026-09-14 12:40:23,753 [main] INFO: GET /api/application/ 200 0.983s
2026-09-14 12:40:38,604 [apscheduler.scheduler] INFO: Scheduler has been shut down
2026-09-14 12:40:41,307 [apscheduler.scheduler] INFO: Adding job tentatively -- it will be properly scheduled when the scheduler starts
2026-09-14 12:40:41,309 [apscheduler.scheduler] INFO: Added job "schedule_wrapper" to job store "default"
2026-09-14 12:40:41,309 [apscheduler.scheduler] INFO: Scheduler started
2026-09-14 12:57:14,003 [apscheduler.scheduler] INFO: Adding job tentatively -- it will be properly scheduled when the scheduler starts
2026-09-14 12:57:14,006 [apscheduler.scheduler] INFO: Added job "schedule_wrapper" to job store "default"
2026-09-14 12:57:14,006 [apscheduler.scheduler] INFO: Scheduler started
2026-09-14 12:57:14,122 [apscheduler.scheduler] INFO: Scheduler has been shut down
2026-09-14 12:57:18,560 [apscheduler.scheduler] INFO: Adding job tentatively -- it will be properly scheduled when the scheduler starts
2026-09-14 12:57:18,562 [apscheduler.scheduler] INFO: Added job "schedule_wrapper" to job store "default"
2026-09-14 12:57:18,562 [apscheduler.scheduler] INFO: Scheduler started
2026-09-14 12:57:18,869 [main] INFO: GET / 200 0.110s
2026-09-14 12:57:26,919 [main] INFO: GET / 200 0.002s
2026-09-14 12:57:29,793 [apscheduler.scheduler] INFO: Scheduler has been shut down
2026-09-14 14:54:29,988 [apscheduler.scheduler] INFO: Adding job tentatively -- it will be properly scheduled when the scheduler starts
2026-09-14 14:54:29,990 [apscheduler.scheduler] INFO: Added job "schedule_wrapper" to job store "default"
2026-09-14 14:54:29,990 [apscheduler.scheduler] INFO: Scheduler started
2026-09-14 14:56:09,912 [apscheduler.scheduler] INFO: Scheduler has been shut down
2026-09-14 14:56:23,676 [apscheduler.scheduler] INFO: Adding job tentatively -- it will be properly scheduled when the scheduler starts
2026-09-14 14:56:23,677 [apscheduler.scheduler] INFO: Added job "schedule_wrapper" to job store "default"
2026-09-14 14:56:23,677 [apscheduler.scheduler] INFO: Scheduler started
2026-09-14 15:04:40,407 [apscheduler.scheduler] INFO: Scheduler has been shut down
2026-09-14 15:04:43,380 [apscheduler.scheduler] INFO: Adding job tentatively -- it will be properly scheduled when the scheduler starts
2026-09-14 15:04:43,382 [apscheduler.scheduler] INFO: Added job "schedule_wrapper" to job store "default"
2026-09-14 15:04:43,382 [apscheduler.scheduler] INFO: Scheduler started
2026-09-14 15:04:50,145 [apscheduler.scheduler] INFO: Scheduler has been shut down
2026-09-14 15:04:52,958 [apscheduler.scheduler] INFO: Adding job tentatively -- it will be properly scheduled when the scheduler starts
2026-09-14 15:04:52,959 [apscheduler.scheduler] INFO: Added job "schedule_wrapper" to job store "default"
2026-09-14 15:04:52,960 [apscheduler.scheduler] INFO: Scheduler started
2026-09-14 15:04:53,073 [apscheduler.scheduler] INFO: Scheduler has been shut down
2026-09-14 15:04:56,354 [apscheduler.scheduler] INFO: Adding job tentatively -- it will be properly scheduled when the scheduler starts
2026-09-14 15:04:56,356 [apscheduler.scheduler] INFO: Added job "schedule_wrapper" to job store "default"
2026-09-14 15:04:56,356 [apscheduler.scheduler] INFO: Scheduler started
2026-09-14 15:04:56,798 [apscheduler.scheduler] INFO: Scheduler has been shut down
2026-09-14 15:05:00,100 [apscheduler.scheduler] INFO: Adding job tentatively -- it will be properly scheduled when the scheduler starts
2026-09-14 15:05:00,102 [apscheduler.scheduler] INFO: Added job "schedule_wrapper" to job store "default"
2026-09-14 15:05:00,102 [apscheduler.scheduler] INFO: Scheduler started
2026-09-14 15:05:02,433 [apscheduler.scheduler] INFO: Scheduler has been shut down
2026-09-14 15:05:05,155 [apscheduler.scheduler] INFO: Adding job tentatively -- it will be properly scheduled when the scheduler starts
2026-09-14 15:05:05,156 [apscheduler.scheduler] INFO: Added job "schedule_wrapper" to job store "default"
2026-09-14 15:05:05,156 [apscheduler.scheduler] INFO: Scheduler started
2026-09-14 15:05:16,263 [apscheduler.scheduler] INFO: Scheduler has been shut down
2026-09-14 15:05:18,781 [apscheduler.scheduler] INFO: Adding job tentatively -- it will be properly scheduled when the scheduler starts
2026-09-14 15:05:18,783 [apscheduler.scheduler] INFO: Added job "schedule_wrapper" to job store "default"
2026-09-14 15:05:18,783 [apscheduler.scheduler] INFO: Scheduler started
2026-09-14 15:05:28,438 [apscheduler.scheduler] INFO: Scheduler has been shut down
2026-09-14 15:05:58,652 [apscheduler.scheduler] INFO: Adding job tentatively -- it will be properly scheduled when the scheduler starts
2026-09-14 15:05:58,653 [apscheduler.scheduler] INFO: Added job "schedule_wrapper" to job store "default"
2026-09-14 15:05:58,653 [apscheduler.scheduler] INFO: Scheduler started
2026-09-14 15:05:59,765 [apscheduler.scheduler] INFO: Scheduler has been shut down
2026-09-14 15:06:02,445 [apscheduler.scheduler] INFO: Adding job tentatively -- it will be properly scheduled when the scheduler starts
2026-09-14 15:06:02,446 [apscheduler.scheduler] INFO: Added job "schedule_wrapper" to job store "default"
2026-09-14 15:06:02,446 [apscheduler.scheduler] INFO: Scheduler started
2026-09-14 15:06:12,007 [apscheduler.scheduler] INFO: Scheduler has been shut down
2026-09-14 15:06:15,143 [apscheduler.scheduler] INFO: Adding job tentatively -- it will be properly scheduled when the scheduler starts
2026-09-14 15:06:15,145 [apscheduler.scheduler] INFO: Added job "schedule_wrapper" to job store "default"
2026-09-14 15:06:15,145 [apscheduler.scheduler] INFO: Scheduler started
2026-09-14 15:06:16,474 [apscheduler.scheduler] INFO: Scheduler has been shut down
2026-09-14 15:06:19,278 [apscheduler.scheduler] INFO: Adding job tentatively -- it will be properly scheduled when the scheduler starts
2026-09-14 15:06:19,280 [apscheduler.scheduler] INFO: Added job "schedule_wrapper" to job store "default"
2026-09-14 15:06:19,280 [apscheduler.scheduler] INFO: Scheduler started
2026-09-14 15:06:20,507 [apscheduler.scheduler] INFO: Scheduler has been shut down
2026-09-14 15:06:23,770 [apscheduler.scheduler] INFO: Adding job tentatively -- it will be properly scheduled when the scheduler starts
2026-09-14 15:06:23,771 [apscheduler.scheduler] INFO: Added job "schedule_wrapper" to job store "default"
2026-09-14 15:06:23,771 [apscheduler.scheduler] INFO: Scheduler started
2026-09-14 15:23:26,021 [apscheduler.scheduler] INFO: Scheduler has been shut down
2026-09-14 15:23:28,767 [apscheduler.scheduler] INFO: Adding job tentatively -- it will be properly scheduled when the scheduler starts
2026-09-14 15:23:28,768 [apscheduler.scheduler] INFO: Added job "schedule_wrapper" to job store "default"
2026-09-14 15:23:28,769 [apscheduler.scheduler] INFO: Scheduler started
2026-09-14 15:23:36,556 [apscheduler.scheduler] INFO: Scheduler has been shut down
2026-09-14 15:23:43,280 [apscheduler.scheduler] INFO: Adding job tentatively -- it will be properly scheduled when the scheduler starts
2026-09-14 15:23:43,281 [apscheduler.scheduler] INFO: Added job "schedule_wrapper" to job store "default"
2026-09-14 15:23:43,282 [apscheduler.scheduler] INFO: Scheduler started
2026-09-14 15:23:43,387 [apscheduler.scheduler] INFO: Scheduler has been shut down
2026-09-14 15:23:46,193 [apscheduler.scheduler] INFO: Adding job tentatively -- it will be properly scheduled when the scheduler starts
2026-09-14 15:23:46,194 [apscheduler.scheduler] INFO: Added job "schedule_wrapper" to job store "default"
2026-09-14 15:23:46,194 [apscheduler.scheduler] INFO: Scheduler started
2026-09-14 15:23:46,303 [apscheduler.scheduler] INFO: Scheduler has been shut down
2026-09-14 15:24:39,714 [apscheduler.scheduler] INFO: Adding job tentatively -- it will be properly scheduled when the scheduler starts
2026-09-14 15:24:39,716 [apscheduler.scheduler] INFO: Added job "schedule_wrapper" to job store "default"
2026-09-14 15:24:39,716 [apscheduler.scheduler] INFO: Scheduler started
2026-09-14 15:24:43,159 [apscheduler.scheduler] INFO: Scheduler has been shut down
2026-09-14 15:24:46,794 [apscheduler.scheduler] INFO: Adding job tentatively -- it will be properly scheduled when the scheduler starts
2026-09-14 15:24:46,796 [apscheduler.scheduler] INFO: Added job "schedule_wrapper" to job store "default"
2026-09-14 15:24:46,797 [apscheduler.scheduler] INFO: Scheduler started
2026-09-14 15:24:47,907 [apscheduler.scheduler] INFO: Scheduler has been shut down
2026-09-14 15:24:54,802 [apscheduler.scheduler] INFO: Adding job tentatively -- it will be properly scheduled when the scheduler starts
2026-09-14 15:24:54,804 [apscheduler.scheduler] INFO: Added job "schedule_wrapper" to job store "default"
2026-09-14 15:24:54,804 [apscheduler.scheduler] INFO: Scheduler started
2026-09-14 15:24:54,949 [apscheduler.scheduler] INFO: Scheduler has been shut down
2026-09-14 15:24:57,957 [apscheduler.scheduler] INFO: Adding job tentatively -- it will be properly scheduled when the scheduler starts
2026-09-14 15:24:57,959 [apscheduler.scheduler] INFO: Added job "schedule_wrapper" to job store "default"
2026-09-14 15:24:57,959 [apscheduler.scheduler] INFO: Scheduler started
2026-09-14 15:24:58,505 [apscheduler.scheduler] INFO: Scheduler has been shut down
2026-09-14 15:25:01,143 [apscheduler.scheduler] INFO: Adding job tentatively -- it will be properly scheduled when the scheduler starts
2026-09-14 15:25:01,145 [apscheduler.scheduler] INFO: Added job "schedule_wrapper" to job store "default"
2026-09-14 15:25:01,145 [apscheduler.scheduler] INFO: Scheduler started
2026-09-14 15:25:07,807 [apscheduler.scheduler] INFO: Scheduler has been shut down
2026-09-14 15:25:16,789 [apscheduler.scheduler] INFO: Adding job tentatively -- it will be properly scheduled when the scheduler starts
2026-09-14 15:25:16,790 [apscheduler.scheduler] INFO: Added job "schedule_wrapper" to job store "default"
2026-09-14 15:25:16,790 [apscheduler.scheduler] INFO: Scheduler started
2026-09-14 15:25:21,135 [apscheduler.scheduler] INFO: Scheduler has been shut down
2026-09-14 15:25:24,791 [apscheduler.scheduler] INFO: Adding job tentatively -- it will be properly scheduled when the scheduler starts
2026-09-14 15:25:24,793 [apscheduler.scheduler] INFO: Added job "schedule_wrapper" to job store "default"
2026-09-14 15:25:24,793 [apscheduler.scheduler] INFO: Scheduler started
2026-09-14 15:25:27,695 [apscheduler.scheduler] INFO: Scheduler has been shut down
2026-09-14 15:25:30,602 [apscheduler.scheduler] INFO: Adding job tentatively -- it will be properly scheduled when the scheduler starts
2026-09-14 15:25:30,604 [apscheduler.scheduler] INFO: Added job "schedule_wrapper" to job store "default"
2026-09-14 15:25:30,604 [apscheduler.scheduler] INFO: Scheduler started
2026-09-14 15:25:30,715 [apscheduler.scheduler] INFO: Scheduler has been shut down
2026-09-14 15:25:33,683 [apscheduler.scheduler] INFO: Adding job tentatively -- it will be properly scheduled when the scheduler starts
2026-09-14 15:25:33,685 [apscheduler.scheduler] INFO: Added job "schedule_wrapper" to job store "default"
2026-09-14 15:25:33,686 [apscheduler.scheduler] INFO: Scheduler started
2026-09-14 15:25:34,140 [apscheduler.scheduler] INFO: Scheduler has been shut down
2026-09-14 15:25:36,763 [apscheduler.scheduler] INFO: Adding job tentatively -- it will be properly scheduled when the scheduler starts
2026-09-14 15:25:36,764 [apscheduler.scheduler] INFO: Added job "schedule_wrapper" to job store "default"
2026-09-14 15:25:36,765 [apscheduler.scheduler] INFO: Scheduler started
2026-09-14 15:25:36,887 [apscheduler.scheduler] INFO: Scheduler has been shut down
2026-09-14 15:25:39,735 [apscheduler.scheduler] INFO: Adding job tentatively -- it will be properly scheduled when the scheduler starts
2026-09-14 15:25:39,736 [apscheduler.scheduler] INFO: Added job "schedule_wrapper" to job store "default"
2026-09-14 15:25:39,736 [apscheduler.scheduler] INFO: Scheduler started
2026-09-14 15:25:39,844 [apscheduler.scheduler] INFO: Scheduler has been shut down
2026-09-14 15:25:42,530 [apscheduler.scheduler] INFO: Adding job tentatively -- it will be properly scheduled when the scheduler starts
2026-09-14 15:25:42,532 [apscheduler.scheduler] INFO: Added job "schedule_wrapper" to job store "default"
2026-09-14 15:25:42,532 [apscheduler.scheduler] INFO: Scheduler started
2026-09-14 15:25:44,969 [apscheduler.scheduler] INFO: Scheduler has been shut down
2026-09-14 15:25:47,273 [apscheduler.scheduler] INFO: Adding job tentatively -- it will be properly scheduled when the scheduler starts
2026-09-14 15:25:47,274 [apscheduler.scheduler] INFO: Added job "schedule_wrapper" to job store "default"
2026-09-14 15:25:47,274 [apscheduler.scheduler] INFO: Scheduler started
2026-09-14 15:25:50,377 [apscheduler.scheduler] INFO: Scheduler has been shut down
2026-09-14 15:25:52,713 [apscheduler.scheduler] INFO: Adding job tentatively -- it will be properly scheduled when the scheduler starts
2026-09-14 15:25:52,714 [apscheduler.scheduler] INFO: Added job "schedule_wrapper" to job store "default"
2026-09-14 15:25:52,714 [apscheduler.scheduler] INFO: Scheduler started
2026-09-14 15:26:01,065 [apscheduler.scheduler] INFO: Scheduler has been shut down
2026-09-14 15:26:10,982 [apscheduler.scheduler] INFO: Adding job tentatively -- it will be properly scheduled when the scheduler starts
2026-09-14 15:26:10,983 [apscheduler.scheduler] INFO: Added job "schedule_wrapper" to job store "default"
2026-09-14 15:26:10,983 [apscheduler.scheduler] INFO: Scheduler started
2026-09-14 15:26:14,206 [apscheduler.scheduler] INFO: Scheduler has been shut down
2026-09-14 15:26:17,206 [apscheduler.scheduler] INFO: Adding job tentatively -- it will be properly scheduled when the scheduler starts
2026-09-14 15:26:17,208 [apscheduler.scheduler] INFO: Added job "schedule_wrapper" to job store "default"
2026-09-14 15:26:17,208 [apscheduler.scheduler] INFO: Scheduler started
2026-09-14 15:26:20,202 [apscheduler.scheduler] INFO: Scheduler has been shut down
2026-09-14 15:26:22,939 [apscheduler.scheduler] INFO: Adding job tentatively -- it will be properly scheduled when the scheduler starts
2026-09-14 15:26:22,940 [apscheduler.scheduler] INFO: Added job "schedule_wrapper" to job store "default"
2026-09-14 15:26:22,940 [apscheduler.scheduler] INFO: Scheduler started
2026-09-14 15:26:23,043 [apscheduler.scheduler] INFO: Scheduler has been shut down
2026-09-14 15:26:25,550 [apscheduler.scheduler] INFO: Adding job tentatively -- it will be properly scheduled when the scheduler starts
2026-09-14 15:26:25,551 [apscheduler.scheduler] INFO: Added job "schedule_wrapper" to job store "default"
2026-09-14 15:26:25,551 [apscheduler.scheduler] INFO: Scheduler started
2026-09-14 15:26:26,868 [apscheduler.scheduler] INFO: Scheduler has been shut down
2026-09-14 15:26:31,757 [apscheduler.scheduler] INFO: Adding job tentatively -- it will be properly scheduled when the scheduler starts
2026-09-14 15:26:31,758 [apscheduler.scheduler] INFO: Added job "schedule_wrapper" to job store "default"
2026-09-14 15:26:31,758 [apscheduler.scheduler] INFO: Scheduler started
2026-09-14 15:26:43,775 [apscheduler.scheduler] INFO: Scheduler has been shut down
2026-09-14 15:26:49,527 [apscheduler.scheduler] INFO: Adding job tentatively -- it will be properly scheduled when the scheduler starts
2026-09-14 15:26:49,530 [apscheduler.scheduler] INFO: Added job "schedule_wrapper" to job store "default"
2026-09-14 15:26:49,531 [apscheduler.scheduler] INFO: Scheduler started
2026-09-14 15:26:49,637 [apscheduler.scheduler] INFO: Scheduler has been shut down
2026-09-14 15:26:52,796 [apscheduler.scheduler] INFO: Adding job tentatively -- it will be properly scheduled when the scheduler starts
2026-09-14 15:26:52,797 [apscheduler.scheduler] INFO: Added job "schedule_wrapper" to job store "default"
2026-09-14 15:26:52,798 [apscheduler.scheduler] INFO: Scheduler started
2026-09-14 15:26:52,904 [apscheduler.scheduler] INFO: Scheduler has been shut down
2026-09-14 15:26:55,903 [apscheduler.scheduler] INFO: Adding job tentatively -- it will be properly scheduled when the scheduler starts
2026-09-14 15:26:55,904 [apscheduler.scheduler] INFO: Added job "schedule_wrapper" to job store "default"
2026-09-14 15:26:55,905 [apscheduler.scheduler] INFO: Scheduler started
2026-09-14 15:26:56,009 [apscheduler.scheduler] INFO: Scheduler has been shut down
2026-09-14 15:26:58,567 [apscheduler.scheduler] INFO: Adding job tentatively -- it will be properly scheduled when the scheduler starts
2026-09-14 15:26:58,568 [apscheduler.scheduler] INFO: Added job "schedule_wrapper" to job store "default"
2026-09-14 15:26:58,568 [apscheduler.scheduler] INFO: Scheduler started
2026-09-14 15:27:00,338 [apscheduler.scheduler] INFO: Scheduler has been shut down
2026-09-14 15:27:30,429 [apscheduler.scheduler] INFO: Adding job tentatively -- it will be properly scheduled when the scheduler starts
2026-09-14 15:27:30,430 [apscheduler.scheduler] INFO: Added job "schedule_wrapper" to job store "default"
2026-09-14 15:27:30,430 [apscheduler.scheduler] INFO: Scheduler started
2026-09-14 15:27:30,994 [apscheduler.scheduler] INFO: Scheduler has been shut down
2026-09-14 15:27:33,710 [apscheduler.scheduler] INFO: Adding job tentatively -- it will be properly scheduled when the scheduler starts
2026-09-14 15:27:33,711 [apscheduler.scheduler] INFO: Added job "schedule_wrapper" to job store "default"
2026-09-14 15:27:33,711 [apscheduler.scheduler] INFO: Scheduler started
2026-09-14 15:27:33,826 [apscheduler.scheduler] INFO: Scheduler has been shut down
2026-09-14 15:27:36,619 [apscheduler.scheduler] INFO: Adding job tentatively -- it will be properly scheduled when the scheduler starts
2026-09-14 15:27:36,621 [apscheduler.scheduler] INFO: Added job "schedule_wrapper" to job store "default"
2026-09-14 15:27:36,621 [apscheduler.scheduler] INFO: Scheduler started
2026-09-14 15:27:36,730 [apscheduler.scheduler] INFO: Scheduler has been shut down
2026-09-14 15:27:39,464 [apscheduler.scheduler] INFO: Adding job tentatively -- it will be properly scheduled when the scheduler starts
2026-09-14 15:27:39,465 [apscheduler.scheduler] INFO: Added job "schedule_wrapper" to job store "default"
2026-09-14 15:27:39,465 [apscheduler.scheduler] INFO: Scheduler started
2026-09-14 15:27:39,573 [apscheduler.scheduler] INFO: Scheduler has been shut down
2026-09-14 15:27:41,847 [apscheduler.scheduler] INFO: Adding job tentatively -- it will be properly scheduled when the scheduler starts
2026-09-14 15:27:41,848 [apscheduler.scheduler] INFO: Added job "schedule_wrapper" to job store "default"
2026-09-14 15:27:41,849 [apscheduler.scheduler] INFO: Scheduler started
2026-09-14 15:27:54,925 [apscheduler.scheduler] INFO: Scheduler has been shut down
2026-09-14 15:27:57,601 [apscheduler.scheduler] INFO: Adding job tentatively -- it will be properly scheduled when the scheduler starts
2026-09-14 15:27:57,602 [apscheduler.scheduler] INFO: Added job "schedule_wrapper" to job store "default"
2026-09-14 15:27:57,602 [apscheduler.scheduler] INFO: Scheduler started
2026-09-14 15:28:06,077 [apscheduler.scheduler] INFO: Scheduler has been shut down
2026-09-14 15:28:20,479 [apscheduler.scheduler] INFO: Adding job tentatively -- it will be properly scheduled when the scheduler starts
2026-09-14 15:28:20,481 [apscheduler.scheduler] INFO: Added job "schedule_wrapper" to job store "default"
2026-09-14 15:28:20,481 [apscheduler.scheduler] INFO: Scheduler started
2026-09-14 15:28:20,588 [apscheduler.scheduler] INFO: Scheduler has been shut down
2026-09-14 15:28:23,959 [apscheduler.scheduler] INFO: Adding job tentatively -- it will be properly scheduled when the scheduler starts
2026-09-14 15:28:23,961 [apscheduler.scheduler] INFO: Added job "schedule_wrapper" to job store "default"
2026-09-14 15:28:23,961 [apscheduler.scheduler] INFO: Scheduler started
2026-09-14 15:28:25,622 [apscheduler.scheduler] INFO: Scheduler has been shut down
2026-09-14 15:28:27,961 [apscheduler.scheduler] INFO: Adding job tentatively -- it will be properly scheduled when the scheduler starts
2026-09-14 15:28:27,962 [apscheduler.scheduler] INFO: Added job "schedule_wrapper" to job store "default"
2026-09-14 15:28:27,963 [apscheduler.scheduler] INFO: Scheduler started
2026-09-14 15:28:33,772 [apscheduler.scheduler] INFO: Scheduler has been shut down
2026-09-14 15:28:37,091 [apscheduler.scheduler] INFO: Adding job tentatively -- it will be properly scheduled when the scheduler starts
2026-09-14 15:28:37,093 [apscheduler.scheduler] INFO: Added job "schedule_wrapper" to job store "default"
2026-09-14 15:28:37,096 [apscheduler.scheduler] INFO: Scheduler started
2026-09-14 15:28:37,534 [apscheduler.scheduler] INFO: Scheduler has been shut down
2026-09-14 15:28:43,365 [apscheduler.scheduler] INFO: Adding job tentatively -- it will be properly scheduled when the scheduler starts
2026-09-14 15:28:43,367 [apscheduler.scheduler] INFO: Added job "schedule_wrapper" to job store "default"
2026-09-14 15:28:43,367 [apscheduler.scheduler] INFO: Scheduler started
2026-09-14 15:28:43,484 [apscheduler.scheduler] INFO: Scheduler has been shut down
2026-09-14 15:28:46,415 [apscheduler.scheduler] INFO: Adding job tentatively -- it will be properly scheduled when the scheduler starts
2026-09-14 15:28:46,416 [apscheduler.scheduler] INFO: Added job "schedule_wrapper" to job store "default"
2026-09-14 15:28:46,416 [apscheduler.scheduler] INFO: Scheduler started
2026-09-14 15:28:47,628 [apscheduler.scheduler] INFO: Scheduler has been shut down
2026-09-14 15:28:50,381 [apscheduler.scheduler] INFO: Adding job tentatively -- it will be properly scheduled when the scheduler starts
2026-09-14 15:28:50,383 [apscheduler.scheduler] INFO: Added job "schedule_wrapper" to job store "default"
2026-09-14 15:28:50,383 [apscheduler.scheduler] INFO: Scheduler started
2026-09-14 15:28:52,159 [apscheduler.scheduler] INFO: Scheduler has been shut down
2026-09-14 15:28:54,837 [apscheduler.scheduler] INFO: Adding job tentatively -- it will be properly scheduled when the scheduler starts
2026-09-14 15:28:54,838 [apscheduler.scheduler] INFO: Added job "schedule_wrapper" to job store "default"
2026-09-14 15:28:54,838 [apscheduler.scheduler] INFO: Scheduler started
2026-09-14 15:28:54,956 [apscheduler.scheduler] INFO: Scheduler has been shut down
2026-09-14 15:28:57,677 [apscheduler.scheduler] INFO: Adding job tentatively -- it will be properly scheduled when the scheduler starts
2026-09-14 15:28:57,679 [apscheduler.scheduler] INFO: Added job "schedule_wrapper" to job store "default"
2026-09-14 15:28:57,679 [apscheduler.scheduler] INFO: Scheduler started
2026-09-14 15:29:05,881 [apscheduler.scheduler] INFO: Scheduler has been shut down
2026-09-14 15:29:09,195 [apscheduler.scheduler] INFO: Adding job tentatively -- it will be properly scheduled when the scheduler starts
2026-09-14 15:29:09,198 [apscheduler.scheduler] INFO: Added job "schedule_wrapper" to job store "default"
2026-09-14 15:29:09,198 [apscheduler.scheduler] INFO: Scheduler started
2026-09-14 15:29:09,975 [apscheduler.scheduler] INFO: Scheduler has been shut down
2026-09-14 15:29:31,880 [apscheduler.scheduler] INFO: Adding job tentatively -- it will be properly scheduled when the scheduler starts
2026-09-14 15:29:31,882 [apscheduler.scheduler] INFO: Added job "schedule_wrapper" to job store "default"
2026-09-14 15:29:31,882 [apscheduler.scheduler] INFO: Scheduler started
2026-09-14 15:29:31,990 [apscheduler.scheduler] INFO: Scheduler has been shut down
2026-09-14 15:29:38,411 [apscheduler.scheduler] INFO: Adding job tentatively -- it will be properly scheduled when the scheduler starts
2026-09-14 15:29:38,412 [apscheduler.scheduler] INFO: Added job "schedule_wrapper" to job store "default"
2026-09-14 15:29:38,412 [apscheduler.scheduler] INFO: Scheduler started
2026-09-14 15:29:39,195 [apscheduler.scheduler] INFO: Scheduler has been shut down
2026-09-14 15:29:41,781 [apscheduler.scheduler] INFO: Adding job tentatively -- it will be properly scheduled when the scheduler starts
2026-09-14 15:29:41,782 [apscheduler.scheduler] INFO: Added job "schedule_wrapper" to job store "default"
2026-09-14 15:29:41,782 [apscheduler.scheduler] INFO: Scheduler started
2026-09-14 15:29:44,157 [main] INFO: GET / 200 0.221s
2026-09-14 15:29:58,669 [main] INFO: GET / 200 0.002s
2026-09-14 15:30:01,936 [main] INFO: GET /docs 200 0.001s
2026-09-14 15:30:02,908 [main] INFO: GET /openapi.json 200 0.127s
2026-09-14 15:32:33,852 [passlib.handlers.bcrypt] WARNING: (trapped) error reading bcrypt version
Traceback (most recent call last):
  File "C:\Users\user\Pictures\subscription-manager\venv\Lib\site-packages\passlib\handlers\bcrypt.py", line 620, in _load_backend_mixin
    version = _bcrypt.__about__.__version__
              ^^^^^^^^^^^^^^^^^
AttributeError: module 'bcrypt' has no attribute '__about__'
2026-09-14 15:32:34,225 [main] INFO: POST /api/auth/login 200 5.340s
2026-09-14 15:32:37,284 [main] INFO: POST /api/auth/login 200 3.057s
2026-09-14 15:33:05,719 [main] INFO: POST /api/card/remove/100 404 0.695s
2026-09-14 15:33:45,978 [apscheduler.scheduler] INFO: Scheduler has been shut down
2026-09-14 15:33:48,782 [apscheduler.scheduler] INFO: Adding job tentatively -- it will be properly scheduled when the scheduler starts
2026-09-14 15:33:48,784 [apscheduler.scheduler] INFO: Added job "schedule_wrapper" to job store "default"
2026-09-14 15:33:48,784 [apscheduler.scheduler] INFO: Scheduler started
2026-09-14 15:33:55,248 [main] INFO: POST /api/card/remove/56 200 6.452s
2026-09-14 15:34:10,185 [main] INFO: GET / 200 0.088s
2026-09-14 15:35:08,983 [apscheduler.scheduler] INFO: Scheduler has been shut down
2026-09-14 15:35:12,266 [apscheduler.scheduler] INFO: Adding job tentatively -- it will be properly scheduled when the scheduler starts
2026-09-14 15:35:12,267 [apscheduler.scheduler] INFO: Added job "schedule_wrapper" to job store "default"
2026-09-14 15:35:12,267 [apscheduler.scheduler] INFO: Scheduler started
2026-09-14 15:35:32,402 [main] INFO: GET /docs 200 0.001s
2026-09-14 15:35:32,843 [main] INFO: GET /openapi.json 200 0.138s
2026-09-14 15:35:45,768 [passlib.handlers.bcrypt] WARNING: (trapped) error reading bcrypt version
Traceback (most recent call last):
  File "C:\Users\user\Pictures\subscription-manager\venv\Lib\site-packages\passlib\handlers\bcrypt.py", line 620, in _load_backend_mixin
    version = _bcrypt.__about__.__version__
              ^^^^^^^^^^^^^^^^^
AttributeError: module 'bcrypt' has no attribute '__about__'
2026-09-14 15:35:46,125 [main] INFO: POST /api/auth/login 200 5.429s
2026-09-14 15:35:46,857 [main] INFO: POST /api/auth/login 200 3.392s
2026-09-14 15:37:01,877 [main] INFO: POST /api/card/remove/57 200 4.074s
2026-09-14 15:37:11,217 [apscheduler.scheduler] INFO: Scheduler has been shut down
2026-09-14 15:37:30,176 [apscheduler.scheduler] INFO: Adding job tentatively -- it will be properly scheduled when the scheduler starts
2026-09-14 15:37:30,177 [apscheduler.scheduler] INFO: Added job "schedule_wrapper" to job store "default"
2026-09-14 15:37:30,177 [apscheduler.scheduler] INFO: Scheduler started
2026-09-14 15:37:39,842 [apscheduler.scheduler] INFO: Scheduler has been shut down
2026-09-14 15:37:42,800 [apscheduler.scheduler] INFO: Adding job tentatively -- it will be properly scheduled when the scheduler starts
2026-09-14 15:37:42,802 [apscheduler.scheduler] INFO: Added job "schedule_wrapper" to job store "default"
2026-09-14 15:37:42,802 [apscheduler.scheduler] INFO: Scheduler started
2026-09-14 15:37:56,604 [apscheduler.scheduler] INFO: Scheduler has been shut down
2026-09-14 15:37:59,677 [apscheduler.scheduler] INFO: Adding job tentatively -- it will be properly scheduled when the scheduler starts
2026-09-14 15:37:59,679 [apscheduler.scheduler] INFO: Added job "schedule_wrapper" to job store "default"
2026-09-14 15:37:59,679 [apscheduler.scheduler] INFO: Scheduler started
2026-09-14 15:38:06,112 [main] INFO: POST /api/card/remove/57 200 6.418s
2026-09-14 15:38:11,693 [main] INFO: POST /api/card/remove/57 200 3.282s
2026-09-14 15:38:56,024 [main] INFO: POST /api/card/remove/57 200 2.571s
2026-09-14 15:40:15,809 [apscheduler.scheduler] INFO: Scheduler has been shut down
2026-09-14 15:40:18,540 [apscheduler.scheduler] INFO: Adding job tentatively -- it will be properly scheduled when the scheduler starts
2026-09-14 15:40:18,542 [apscheduler.scheduler] INFO: Added job "schedule_wrapper" to job store "default"
2026-09-14 15:40:18,542 [apscheduler.scheduler] INFO: Scheduler started
2026-09-14 15:42:17,540 [apscheduler.scheduler] INFO: Scheduler has been shut down
2026-09-14 15:42:20,236 [apscheduler.scheduler] INFO: Adding job tentatively -- it will be properly scheduled when the scheduler starts
2026-09-14 15:42:20,237 [apscheduler.scheduler] INFO: Added job "schedule_wrapper" to job store "default"
2026-09-14 15:42:20,237 [apscheduler.scheduler] INFO: Scheduler started
2026-09-14 15:42:24,653 [apscheduler.scheduler] INFO: Adding job tentatively -- it will be properly scheduled when the scheduler starts
2026-09-14 15:42:24,655 [apscheduler.scheduler] INFO: Added job "schedule_wrapper" to job store "default"
2026-09-14 15:42:24,655 [apscheduler.scheduler] INFO: Scheduler started
2026-09-14 15:42:34,283 [main] INFO: POST /api/card/remove/57 200 7.086s
2026-09-14 15:42:41,356 [main] INFO: POST /api/card/remove/57 200 3.051s
2026-09-14 15:44:22,816 [apscheduler.scheduler] INFO: Scheduler has been shut down
2026-09-14 15:44:26,474 [apscheduler.scheduler] INFO: Adding job tentatively -- it will be properly scheduled when the scheduler starts
2026-09-14 15:44:26,476 [apscheduler.scheduler] INFO: Added job "schedule_wrapper" to job store "default"
2026-09-14 15:44:26,476 [apscheduler.scheduler] INFO: Scheduler started
2026-09-14 15:44:32,408 [main] INFO: POST /api/card/remove/57 200 5.918s
2026-09-14 15:44:37,054 [main] INFO: POST /api/card/remove/57 400 2.505s
2026-09-14 15:44:43,985 [main] INFO: GET / 200 0.100s
2026-09-14 15:47:33,360 [main] INFO: GET /openapi.json 200 0.082s
2026-09-14 15:47:33,447 [main] INFO: GET /favicon.ico 404 0.002s
2026-09-14 15:54:01,940 [main] INFO: GET / 200 0.006s
2026-09-14 15:54:02,125 [main] INFO: GET / 200 0.002s
2026-09-14 15:54:21,290 [main] INFO: GET / 200 0.003s
2026-09-14 15:54:56,058 [main] INFO: GET / 200 0.003s
2026-09-14 15:55:06,914 [main] INFO: GET / 200 0.003s
2026-09-14 15:55:32,041 [main] INFO: GET /.well-known/appspecific/com.chrome.devtools.json 404 0.001s
2026-09-14 15:56:42,559 [apscheduler.scheduler] INFO: Scheduler has been shut down
2026-09-14 15:56:45,523 [apscheduler.scheduler] INFO: Adding job tentatively -- it will be properly scheduled when the scheduler starts
2026-09-14 15:56:45,525 [apscheduler.scheduler] INFO: Added job "schedule_wrapper" to job store "default"
2026-09-14 15:56:45,525 [apscheduler.scheduler] INFO: Scheduler started
2026-09-14 15:56:45,637 [apscheduler.scheduler] INFO: Scheduler has been shut down
2026-09-14 15:56:48,017 [apscheduler.scheduler] INFO: Adding job tentatively -- it will be properly scheduled when the scheduler starts
2026-09-14 15:56:48,019 [apscheduler.scheduler] INFO: Added job "schedule_wrapper" to job store "default"
2026-09-14 15:56:48,019 [apscheduler.scheduler] INFO: Scheduler started
2026-09-14 15:56:48,129 [apscheduler.scheduler] INFO: Scheduler has been shut down
2026-09-14 15:56:51,611 [apscheduler.scheduler] INFO: Adding job tentatively -- it will be properly scheduled when the scheduler starts
2026-09-14 15:56:51,613 [apscheduler.scheduler] INFO: Added job "schedule_wrapper" to job store "default"
2026-09-14 15:56:51,613 [apscheduler.scheduler] INFO: Scheduler started
2026-09-14 15:56:54,169 [apscheduler.scheduler] INFO: Scheduler has been shut down
2026-09-14 15:56:56,754 [apscheduler.scheduler] INFO: Adding job tentatively -- it will be properly scheduled when the scheduler starts
2026-09-14 15:56:56,755 [apscheduler.scheduler] INFO: Added job "schedule_wrapper" to job store "default"
2026-09-14 15:56:56,755 [apscheduler.scheduler] INFO: Scheduler started
2026-09-14 15:56:58,412 [apscheduler.scheduler] INFO: Scheduler has been shut down
2026-09-14 15:57:01,195 [apscheduler.scheduler] INFO: Adding job tentatively -- it will be properly scheduled when the scheduler starts
2026-09-14 15:57:01,196 [apscheduler.scheduler] INFO: Added job "schedule_wrapper" to job store "default"
2026-09-14 15:57:01,196 [apscheduler.scheduler] INFO: Scheduler started
2026-09-14 15:57:01,312 [apscheduler.scheduler] INFO: Scheduler has been shut down
2026-09-14 15:57:03,630 [apscheduler.scheduler] INFO: Adding job tentatively -- it will be properly scheduled when the scheduler starts
2026-09-14 15:57:03,631 [apscheduler.scheduler] INFO: Added job "schedule_wrapper" to job store "default"
2026-09-14 15:57:03,631 [apscheduler.scheduler] INFO: Scheduler started
2026-09-14 15:57:04,966 [main] INFO: GET /oferta 200 0.121s
2026-09-14 15:57:05,054 [main] INFO: GET /.well-known/appspecific/com.chrome.devtools.json 404 0.001s
2026-09-14 15:57:13,279 [apscheduler.scheduler] INFO: Scheduler has been shut down
2026-09-14 15:57:16,777 [apscheduler.scheduler] INFO: Adding job tentatively -- it will be properly scheduled when the scheduler starts
2026-09-14 15:57:16,778 [apscheduler.scheduler] INFO: Added job "schedule_wrapper" to job store "default"
2026-09-14 15:57:16,778 [apscheduler.scheduler] INFO: Scheduler started
2026-09-14 15:58:25,524 [main] INFO: GET / 200 0.101s
2026-09-14 15:58:25,890 [main] INFO: GET / 200 0.002s
2026-09-14 15:59:48,538 [main] INFO: GET / 200 0.003s
2026-09-14 15:59:49,572 [main] INFO: GET / 200 0.003s
2026-09-14 15:59:49,968 [main] INFO: GET / 200 0.002s
2026-09-14 16:02:19,793 [main] INFO: GET / 200 0.003s
2026-09-14 16:02:21,688 [main] INFO: GET / 200 0.002s
2026-09-14 16:02:25,220 [main] INFO: GET /oferta 200 0.002s
2026-09-14 16:04:13,897 [apscheduler.scheduler] INFO: Scheduler has been shut down
2026-09-14 16:04:17,854 [apscheduler.scheduler] INFO: Adding job tentatively -- it will be properly scheduled when the scheduler starts
2026-09-14 16:04:17,856 [apscheduler.scheduler] INFO: Added job "schedule_wrapper" to job store "default"
2026-09-14 16:04:17,856 [apscheduler.scheduler] INFO: Scheduler started
2026-09-14 16:04:17,964 [apscheduler.scheduler] INFO: Scheduler has been shut down
2026-09-14 16:04:20,302 [apscheduler.scheduler] INFO: Adding job tentatively -- it will be properly scheduled when the scheduler starts
2026-09-14 16:04:20,303 [apscheduler.scheduler] INFO: Added job "schedule_wrapper" to job store "default"
2026-09-14 16:04:20,303 [apscheduler.scheduler] INFO: Scheduler started
2026-09-14 16:08:15,633 [apscheduler.scheduler] INFO: Scheduler has been shut down
2026-09-15 08:31:28,415 [apscheduler.scheduler] INFO: Adding job tentatively -- it will be properly scheduled when the scheduler starts
2026-09-15 08:31:28,418 [apscheduler.scheduler] INFO: Added job "schedule_wrapper" to job store "default"
2026-09-15 08:31:28,418 [apscheduler.scheduler] INFO: Scheduler started
2026-09-15 08:31:28,570 [main] INFO: GET / 200 0.108s
2026-09-15 08:31:28,631 [main] INFO: GET /static/favicon.ico 200 0.003s
2026-09-15 08:31:34,477 [main] INFO: GET /robots.txt 200 0.003s
2026-09-15 08:31:34,555 [main] INFO: GET /favicon.ico 404 0.001s
2026-09-15 08:31:40,723 [main] INFO: GET /robots 404 0.001s
2026-09-15 08:31:46,308 [main] INFO: GET /sitemap.xml 200 0.002s
2026-09-15 08:31:49,487 [apscheduler.scheduler] INFO: Scheduler has been shut down
2026-09-15 14:42:55,193 [apscheduler.scheduler] INFO: Adding job tentatively -- it will be properly scheduled when the scheduler starts
2026-09-15 14:42:55,199 [apscheduler.scheduler] INFO: Added job "schedule_wrapper" to job store "default"
2026-09-15 14:42:55,199 [apscheduler.scheduler] INFO: Scheduler started
2026-09-15 14:43:05,204 [apscheduler.scheduler] INFO: Scheduler has been shut down
2026-09-15 14:45:27,780 [apscheduler.scheduler] INFO: Adding job tentatively -- it will be properly scheduled when the scheduler starts
2026-09-15 14:45:27,781 [apscheduler.scheduler] INFO: Added job "schedule_wrapper" to job store "default"
2026-09-15 14:45:27,781 [apscheduler.scheduler] INFO: Scheduler started
2026-09-15 14:45:29,781 [apscheduler.scheduler] INFO: Scheduler has been shut down
2026-09-15 14:45:41,267 [apscheduler.scheduler] INFO: Adding job tentatively -- it will be properly scheduled when the scheduler starts
2026-09-15 14:45:41,269 [apscheduler.scheduler] INFO: Added job "schedule_wrapper" to job store "default"
2026-09-15 14:45:41,269 [apscheduler.scheduler] INFO: Scheduler started
2026-09-15 14:45:41,817 [apscheduler.scheduler] INFO: Scheduler has been shut down
2026-09-15 14:49:50,746 [apscheduler.scheduler] INFO: Adding job tentatively -- it will be properly scheduled when the scheduler starts
2026-09-15 14:49:50,747 [apscheduler.scheduler] INFO: Added job "schedule_wrapper" to job store "default"
2026-09-15 14:49:50,747 [apscheduler.scheduler] INFO: Scheduler started
2026-09-15 14:49:52,209 [apscheduler.scheduler] INFO: Scheduler has been shut down
2026-09-15 14:49:55,160 [apscheduler.scheduler] INFO: Adding job tentatively -- it will be properly scheduled when the scheduler starts
2026-09-15 14:49:55,162 [apscheduler.scheduler] INFO: Added job "schedule_wrapper" to job store "default"
2026-09-15 14:49:55,163 [apscheduler.scheduler] INFO: Scheduler started
2026-09-15 14:49:55,284 [apscheduler.scheduler] INFO: Scheduler has been shut down
2026-09-15 14:49:58,073 [apscheduler.scheduler] INFO: Adding job tentatively -- it will be properly scheduled when the scheduler starts
2026-09-15 14:49:58,074 [apscheduler.scheduler] INFO: Added job "schedule_wrapper" to job store "default"
2026-09-15 14:49:58,074 [apscheduler.scheduler] INFO: Scheduler started
2026-09-15 14:50:12,749 [apscheduler.scheduler] INFO: Scheduler has been shut down
2026-09-15 14:50:15,785 [apscheduler.scheduler] INFO: Adding job tentatively -- it will be properly scheduled when the scheduler starts
2026-09-15 14:50:15,787 [apscheduler.scheduler] INFO: Added job "schedule_wrapper" to job store "default"
2026-09-15 14:50:15,787 [apscheduler.scheduler] INFO: Scheduler started
2026-09-15 14:50:19,351 [apscheduler.scheduler] INFO: Scheduler has been shut down
2026-09-15 14:50:22,781 [apscheduler.scheduler] INFO: Adding job tentatively -- it will be properly scheduled when the scheduler starts
2026-09-15 14:50:22,784 [apscheduler.scheduler] INFO: Added job "schedule_wrapper" to job store "default"
2026-09-15 14:50:22,808 [apscheduler.scheduler] INFO: Scheduler started
2026-09-15 14:50:23,002 [apscheduler.scheduler] INFO: Scheduler has been shut down
2026-09-15 14:50:26,926 [apscheduler.scheduler] INFO: Adding job tentatively -- it will be properly scheduled when the scheduler starts
2026-09-15 14:50:26,927 [apscheduler.scheduler] INFO: Added job "schedule_wrapper" to job store "default"
2026-09-15 14:50:26,928 [apscheduler.scheduler] INFO: Scheduler started
2026-09-15 14:50:27,036 [apscheduler.scheduler] INFO: Scheduler has been shut down
2026-09-15 14:50:29,556 [apscheduler.scheduler] INFO: Adding job tentatively -- it will be properly scheduled when the scheduler starts
2026-09-15 14:50:29,559 [apscheduler.scheduler] INFO: Added job "schedule_wrapper" to job store "default"
2026-09-15 14:50:29,559 [apscheduler.scheduler] INFO: Scheduler started
2026-09-15 14:50:36,347 [apscheduler.scheduler] INFO: Scheduler has been shut down
2026-09-15 14:50:40,317 [apscheduler.scheduler] INFO: Adding job tentatively -- it will be properly scheduled when the scheduler starts
2026-09-15 14:50:40,324 [apscheduler.scheduler] INFO: Added job "schedule_wrapper" to job store "default"
2026-09-15 14:50:40,325 [apscheduler.scheduler] INFO: Scheduler started
2026-09-15 14:50:42,775 [apscheduler.scheduler] INFO: Scheduler has been shut down
2026-09-15 14:50:46,577 [apscheduler.scheduler] INFO: Adding job tentatively -- it will be properly scheduled when the scheduler starts
2026-09-15 14:50:46,578 [apscheduler.scheduler] INFO: Added job "schedule_wrapper" to job store "default"
2026-09-15 14:50:46,578 [apscheduler.scheduler] INFO: Scheduler started
2026-09-15 14:50:46,698 [apscheduler.scheduler] INFO: Scheduler has been shut down
2026-09-15 14:51:08,451 [apscheduler.scheduler] INFO: Adding job tentatively -- it will be properly scheduled when the scheduler starts
2026-09-15 14:51:08,452 [apscheduler.scheduler] INFO: Added job "schedule_wrapper" to job store "default"
2026-09-15 14:51:08,452 [apscheduler.scheduler] INFO: Scheduler started
2026-09-15 14:51:08,565 [apscheduler.scheduler] INFO: Scheduler has been shut down
2026-09-15 14:51:11,246 [apscheduler.scheduler] INFO: Adding job tentatively -- it will be properly scheduled when the scheduler starts
2026-09-15 14:51:11,248 [apscheduler.scheduler] INFO: Added job "schedule_wrapper" to job store "default"
2026-09-15 14:51:11,248 [apscheduler.scheduler] INFO: Scheduler started
2026-09-15 14:51:15,156 [apscheduler.scheduler] INFO: Scheduler has been shut down
2026-09-15 14:51:17,721 [apscheduler.scheduler] INFO: Adding job tentatively -- it will be properly scheduled when the scheduler starts
2026-09-15 14:51:17,722 [apscheduler.scheduler] INFO: Added job "schedule_wrapper" to job store "default"
2026-09-15 14:51:17,722 [apscheduler.scheduler] INFO: Scheduler started
2026-09-15 14:51:21,624 [apscheduler.scheduler] INFO: Scheduler has been shut down
2026-09-15 14:51:24,240 [apscheduler.scheduler] INFO: Adding job tentatively -- it will be properly scheduled when the scheduler starts
2026-09-15 14:51:24,241 [apscheduler.scheduler] INFO: Added job "schedule_wrapper" to job store "default"
2026-09-15 14:51:24,241 [apscheduler.scheduler] INFO: Scheduler started
2026-09-15 14:51:42,985 [apscheduler.scheduler] INFO: Scheduler has been shut down
2026-09-15 14:51:46,008 [apscheduler.scheduler] INFO: Adding job tentatively -- it will be properly scheduled when the scheduler starts
2026-09-15 14:51:46,010 [apscheduler.scheduler] INFO: Added job "schedule_wrapper" to job store "default"
2026-09-15 14:51:46,010 [apscheduler.scheduler] INFO: Scheduler started
2026-09-15 14:51:48,682 [apscheduler.scheduler] INFO: Scheduler has been shut down
2026-09-15 14:51:51,388 [apscheduler.scheduler] INFO: Adding job tentatively -- it will be properly scheduled when the scheduler starts
2026-09-15 14:51:51,389 [apscheduler.scheduler] INFO: Added job "schedule_wrapper" to job store "default"
2026-09-15 14:51:51,389 [apscheduler.scheduler] INFO: Scheduler started
2026-09-15 14:51:51,494 [apscheduler.scheduler] INFO: Scheduler has been shut down
2026-09-15 14:51:53,833 [apscheduler.scheduler] INFO: Adding job tentatively -- it will be properly scheduled when the scheduler starts
2026-09-15 14:51:53,835 [apscheduler.scheduler] INFO: Added job "schedule_wrapper" to job store "default"
2026-09-15 14:51:53,835 [apscheduler.scheduler] INFO: Scheduler started
2026-09-15 14:51:53,950 [apscheduler.scheduler] INFO: Scheduler has been shut down
2026-09-15 14:51:56,563 [apscheduler.scheduler] INFO: Adding job tentatively -- it will be properly scheduled when the scheduler starts
2026-09-15 14:51:56,564 [apscheduler.scheduler] INFO: Added job "schedule_wrapper" to job store "default"
2026-09-15 14:51:56,565 [apscheduler.scheduler] INFO: Scheduler started
2026-09-15 14:51:56,670 [apscheduler.scheduler] INFO: Scheduler has been shut down
2026-09-15 14:52:00,102 [apscheduler.scheduler] INFO: Adding job tentatively -- it will be properly scheduled when the scheduler starts
2026-09-15 14:52:00,104 [apscheduler.scheduler] INFO: Added job "schedule_wrapper" to job store "default"
2026-09-15 14:52:00,104 [apscheduler.scheduler] INFO: Scheduler started
2026-09-15 14:52:00,261 [main] INFO: GET / 200 0.130s
2026-09-15 14:52:00,362 [main] INFO: GET /static/favicon.ico 200 0.009s
2026-09-15 14:52:06,401 [main] INFO: GET /docs 200 0.001s
2026-09-15 14:52:06,864 [main] INFO: GET /docs 200 0.000s
2026-09-15 14:52:07,475 [main] INFO: GET /openapi.json 200 0.138s
2026-09-15 14:52:17,138 [passlib.handlers.bcrypt] WARNING: (trapped) error reading bcrypt version
Traceback (most recent call last):
  File "C:\Users\user\Pictures\subscription-manager\venv\Lib\site-packages\passlib\handlers\bcrypt.py", line 620, in _load_backend_mixin
    version = _bcrypt.__about__.__version__
              ^^^^^^^^^^^^^^^^^
AttributeError: module 'bcrypt' has no attribute '__about__'
2026-09-15 14:52:17,506 [main] INFO: POST /api/auth/login 200 4.583s
2026-09-15 14:52:31,248 [main] INFO: GET /api/application/ 200 1.298s
2026-09-15 14:52:40,029 [main] INFO: POST /api/application/unlink/2 200 1.434s
2026-09-15 14:52:41,730 [main] INFO: GET / 200 0.004s
2026-09-15 14:52:46,424 [main] INFO: GET / 200 0.002s
2026-09-15 14:52:58,006 [apscheduler.scheduler] INFO: Scheduler has been shut down
2026-09-15 14:53:25,504 [apscheduler.scheduler] INFO: Adding job tentatively -- it will be properly scheduled when the scheduler starts
2026-09-15 14:53:25,505 [apscheduler.scheduler] INFO: Added job "schedule_wrapper" to job store "default"
2026-09-15 14:53:25,505 [apscheduler.scheduler] INFO: Scheduler started
2026-09-15 14:53:30,653 [main] INFO: POST /api/application/unlink/1 200 4.942s
2026-09-15 14:53:32,515 [main] INFO: POST /api/application/unlink/1 404 0.465s
2026-09-15 14:53:36,624 [main] INFO: POST /api/application/unlink/2 404 0.470s
2026-09-15 14:53:39,205 [main] INFO: POST /api/application/unlink/123 404 0.467s
2026-09-15 14:53:42,906 [main] INFO: GET / 200 0.092s
2026-09-15 16:45:28,910 [main] INFO: GET / 200 0.111s
2026-09-16 13:32:43,477 [apscheduler.scheduler] INFO: Adding job tentatively -- it will be properly scheduled when the scheduler starts
2026-09-16 13:32:43,480 [apscheduler.scheduler] INFO: Added job "schedule_wrapper" to job store "default"
2026-09-16 13:32:43,480 [apscheduler.scheduler] INFO: Scheduler started
2026-09-16 13:32:43,692 [main] INFO: GET / 200 0.109s
2026-09-16 13:32:43,720 [main] INFO: GET /static/favicon.ico 200 0.002s
2026-09-16 13:32:49,009 [main] INFO: GET / 200 0.004s
2026-09-16 13:33:04,976 [main] INFO: GET / 200 0.002s
2026-09-16 13:38:00,945 [apscheduler.scheduler] INFO: Scheduler has been shut down
2026-09-16 13:38:03,354 [apscheduler.scheduler] INFO: Adding job tentatively -- it will be properly scheduled when the scheduler starts
2026-09-16 13:38:03,356 [apscheduler.scheduler] INFO: Added job "schedule_wrapper" to job store "default"
2026-09-16 13:38:03,356 [apscheduler.scheduler] INFO: Scheduler started
2026-09-16 13:53:22,387 [main] INFO: GET / 200 0.114s
2026-09-16 13:53:22,816 [main] INFO: GET /dashboard 200 0.003s
2026-09-16 13:53:49,278 [main] INFO: GET /info 200 0.003s
2026-09-16 13:54:14,629 [main] INFO: GET / 200 0.002s
2026-09-16 13:54:15,788 [main] INFO: GET /auth 200 0.002s
2026-09-16 13:54:32,221 [main] INFO: GET /info 200 0.002s
2026-09-16 13:54:38,982 [main] INFO: GET /auth 200 0.002s
2026-09-16 13:54:48,113 [main] INFO: GET /dashboard 200 0.002s
2026-09-16 13:54:53,681 [main] INFO: GET /.well-known/appspecific/com.chrome.devtools.json 404 0.001s
2026-09-16 13:55:16,986 [main] INFO: GET / 200 0.004s
2026-09-16 13:55:21,622 [apscheduler.scheduler] INFO: Scheduler has been shut down
2026-09-16 14:09:52,938 [apscheduler.scheduler] INFO: Adding job tentatively -- it will be properly scheduled when the scheduler starts
2026-09-16 14:09:52,940 [apscheduler.scheduler] INFO: Added job "schedule_wrapper" to job store "default"
2026-09-16 14:09:52,941 [apscheduler.scheduler] INFO: Scheduler started
2026-09-16 14:09:53,081 [main] INFO: GET / 200 0.109s
2026-09-16 14:09:53,106 [main] INFO: GET /static/bindin-icon-64.png 200 0.003s
2026-09-16 14:09:55,569 [main] INFO: GET / 200 0.002s
2026-09-16 14:09:56,463 [main] INFO: GET /auth 200 0.002s
2026-09-16 14:10:03,190 [main] INFO: GET /dashboard 200 0.005s
2026-09-16 14:10:12,310 [main] INFO: GET / 200 0.002s
2026-09-16 14:10:12,344 [main] INFO: GET /static/bindin-icon-64.png 304 0.002s
2026-09-16 14:10:15,107 [apscheduler.scheduler] INFO: Scheduler has been shut down
2026-09-16 14:21:06,154 [apscheduler.scheduler] INFO: Adding job tentatively -- it will be properly scheduled when the scheduler starts
2026-09-16 14:21:06,155 [apscheduler.scheduler] INFO: Added job "schedule_wrapper" to job store "default"
2026-09-16 14:21:06,155 [apscheduler.scheduler] INFO: Scheduler started
2026-09-16 14:21:06,739 [main] INFO: GET / 200 0.116s
2026-09-16 14:21:06,774 [main] INFO: GET /static/bindin-icon-64.png 304 0.002s
2026-09-16 14:21:08,314 [main] INFO: GET /auth 200 0.002s
2026-09-16 14:21:15,178 [main] INFO: GET /dashboard 200 0.004s
2026-09-16 14:21:15,219 [main] INFO: GET /static/css/dashboard.css 200 0.002s
2026-09-16 14:21:15,227 [main] INFO: GET /static/js/dashboard.js 200 0.002s
2026-09-16 14:21:20,800 [main] INFO: GET /dashboard/cards 200 0.002s
2026-09-16 14:21:22,704 [main] INFO: GET /dashboard/applications 200 0.002s
2026-09-16 14:21:34,734 [main] INFO: GET /dashboard/transactions 200 0.004s
2026-09-16 14:22:06,247 [main] INFO: GET /.well-known/appspecific/com.chrome.devtools.json 404 0.001s
2026-09-16 14:22:09,840 [main] INFO: GET /dashboard/cards 200 0.004s
2026-09-16 14:22:09,908 [main] INFO: GET /.well-known/appspecific/com.chrome.devtools.json 404 0.001s
2026-09-16 14:22:09,913 [main] INFO: GET /static/js/dashboard.js 304 0.002s
2026-09-16 14:22:10,979 [main] INFO: GET /dashboard 200 0.002s
2026-09-16 14:22:11,030 [main] INFO: GET /.well-known/appspecific/com.chrome.devtools.json 404 0.001s
2026-09-16 14:22:15,714 [main] INFO: GET /auth 200 0.002s
2026-09-16 14:22:21,802 [main] INFO: GET /static/css/dashboard.css 304 0.010s
2026-09-16 14:22:21,804 [main] INFO: GET /static/bindin-icon-64.png 304 0.008s
2026-09-16 14:22:26,105 [main] INFO: GET /dashboard/applications 200 0.002s
2026-09-16 14:22:29,298 [main] INFO: GET /dashboard/transactions 200 0.003s
2026-09-16 14:23:11,089 [main] INFO: GET /info 200 0.002s
2026-09-16 14:23:14,589 [main] INFO: GET /dashboard 200 0.006s
2026-09-16 14:23:14,640 [main] INFO: GET /static/js/dashboard.js 304 0.002s
2026-09-16 14:23:16,616 [main] INFO: GET / 200 0.002s
2026-09-16 14:52:48,332 [apscheduler.scheduler] INFO: Adding job tentatively -- it will be properly scheduled when the scheduler starts
2026-09-16 14:52:48,334 [apscheduler.scheduler] INFO: Added job "schedule_wrapper" to job store "default"
2026-09-16 14:52:48,334 [apscheduler.scheduler] INFO: Scheduler started
2026-09-16 14:52:51,564 [apscheduler.scheduler] INFO: Scheduler has been shut down
2026-09-16 14:52:54,770 [apscheduler.scheduler] INFO: Adding job tentatively -- it will be properly scheduled when the scheduler starts
2026-09-16 14:52:54,771 [apscheduler.scheduler] INFO: Added job "schedule_wrapper" to job store "default"
2026-09-16 14:52:54,771 [apscheduler.scheduler] INFO: Scheduler started
2026-09-16 15:40:48,199 [apscheduler.scheduler] INFO: Scheduler has been shut down
2026-09-16 15:40:53,373 [apscheduler.scheduler] INFO: Adding job tentatively -- it will be properly scheduled when the scheduler starts
2026-09-16 15:40:53,375 [apscheduler.scheduler] INFO: Added job "schedule_wrapper" to job store "default"
2026-09-16 15:40:53,375 [apscheduler.scheduler] INFO: Scheduler started
2026-09-16 15:40:56,485 [apscheduler.scheduler] INFO: Scheduler has been shut down
2026-09-16 15:41:00,653 [apscheduler.scheduler] INFO: Adding job tentatively -- it will be properly scheduled when the scheduler starts
2026-09-16 15:41:00,655 [apscheduler.scheduler] INFO: Added job "schedule_wrapper" to job store "default"
2026-09-16 15:41:00,655 [apscheduler.scheduler] INFO: Scheduler started
2026-09-16 15:41:09,772 [apscheduler.scheduler] INFO: Scheduler has been shut down
2026-09-16 15:41:12,460 [apscheduler.scheduler] INFO: Adding job tentatively -- it will be properly scheduled when the scheduler starts
2026-09-16 15:41:12,462 [apscheduler.scheduler] INFO: Added job "schedule_wrapper" to job store "default"
2026-09-16 15:41:12,462 [apscheduler.scheduler] INFO: Scheduler started
2026-09-16 15:41:17,590 [apscheduler.scheduler] INFO: Scheduler has been shut down
2026-09-16 15:41:24,901 [apscheduler.scheduler] INFO: Adding job tentatively -- it will be properly scheduled when the scheduler starts
2026-09-16 15:41:24,903 [apscheduler.scheduler] INFO: Added job "schedule_wrapper" to job store "default"
2026-09-16 15:41:24,903 [apscheduler.scheduler] INFO: Scheduler started
2026-09-16 15:41:25,007 [apscheduler.scheduler] INFO: Scheduler has been shut down
2026-09-16 15:41:28,016 [apscheduler.scheduler] INFO: Adding job tentatively -- it will be properly scheduled when the scheduler starts
2026-09-16 15:41:28,018 [apscheduler.scheduler] INFO: Added job "schedule_wrapper" to job store "default"
2026-09-16 15:41:28,018 [apscheduler.scheduler] INFO: Scheduler started
2026-09-16 15:41:30,135 [apscheduler.scheduler] INFO: Scheduler has been shut down
2026-09-16 15:45:22,284 [apscheduler.scheduler] INFO: Adding job tentatively -- it will be properly scheduled when the scheduler starts
2026-09-16 15:45:22,286 [apscheduler.scheduler] INFO: Added job "schedule_wrapper" to job store "default"
2026-09-16 15:45:22,286 [apscheduler.scheduler] INFO: Scheduler started
2026-09-16 15:45:22,403 [apscheduler.scheduler] INFO: Scheduler has been shut down
2026-09-16 15:45:27,133 [apscheduler.scheduler] INFO: Adding job tentatively -- it will be properly scheduled when the scheduler starts
2026-09-16 15:45:27,137 [apscheduler.scheduler] INFO: Added job "schedule_wrapper" to job store "default"
2026-09-16 15:45:27,137 [apscheduler.scheduler] INFO: Scheduler started
2026-09-16 15:45:27,247 [apscheduler.scheduler] INFO: Scheduler has been shut down
2026-09-16 15:45:31,713 [apscheduler.scheduler] INFO: Adding job tentatively -- it will be properly scheduled when the scheduler starts
2026-09-16 15:45:31,714 [apscheduler.scheduler] INFO: Added job "schedule_wrapper" to job store "default"
2026-09-16 15:45:31,714 [apscheduler.scheduler] INFO: Scheduler started
2026-09-16 15:45:31,859 [apscheduler.scheduler] INFO: Scheduler has been shut down
2026-09-16 15:45:36,051 [apscheduler.scheduler] INFO: Adding job tentatively -- it will be properly scheduled when the scheduler starts
2026-09-16 15:45:36,054 [apscheduler.scheduler] INFO: Added job "schedule_wrapper" to job store "default"
2026-09-16 15:45:36,055 [apscheduler.scheduler] INFO: Scheduler started
2026-09-16 15:45:36,169 [apscheduler.scheduler] INFO: Scheduler has been shut down
2026-09-16 15:45:39,411 [apscheduler.scheduler] INFO: Adding job tentatively -- it will be properly scheduled when the scheduler starts
2026-09-16 15:45:39,413 [apscheduler.scheduler] INFO: Added job "schedule_wrapper" to job store "default"
2026-09-16 15:45:39,414 [apscheduler.scheduler] INFO: Scheduler started
2026-09-16 15:45:40,543 [apscheduler.scheduler] INFO: Scheduler has been shut down
2026-09-16 15:45:43,113 [apscheduler.scheduler] INFO: Adding job tentatively -- it will be properly scheduled when the scheduler starts
2026-09-16 15:45:43,119 [apscheduler.scheduler] INFO: Added job "schedule_wrapper" to job store "default"
2026-09-16 15:45:43,119 [apscheduler.scheduler] INFO: Scheduler started
2026-09-16 15:45:48,135 [apscheduler.scheduler] INFO: Scheduler has been shut down
2026-09-16 15:45:50,492 [apscheduler.scheduler] INFO: Adding job tentatively -- it will be properly scheduled when the scheduler starts
2026-09-16 15:45:50,494 [apscheduler.scheduler] INFO: Added job "schedule_wrapper" to job store "default"
2026-09-16 15:45:50,494 [apscheduler.scheduler] INFO: Scheduler started
2026-09-16 15:45:57,289 [apscheduler.scheduler] INFO: Scheduler has been shut down
2026-09-16 15:46:06,737 [apscheduler.scheduler] INFO: Adding job tentatively -- it will be properly scheduled when the scheduler starts
2026-09-16 15:46:06,739 [apscheduler.scheduler] INFO: Added job "schedule_wrapper" to job store "default"
2026-09-16 15:46:06,739 [apscheduler.scheduler] INFO: Scheduler started
2026-09-16 15:46:06,857 [apscheduler.scheduler] INFO: Scheduler has been shut down
2026-09-16 15:46:10,093 [apscheduler.scheduler] INFO: Adding job tentatively -- it will be properly scheduled when the scheduler starts
2026-09-16 15:46:10,095 [apscheduler.scheduler] INFO: Added job "schedule_wrapper" to job store "default"
2026-09-16 15:46:10,095 [apscheduler.scheduler] INFO: Scheduler started
2026-09-16 15:46:10,207 [apscheduler.scheduler] INFO: Scheduler has been shut down
2026-09-16 15:46:13,169 [apscheduler.scheduler] INFO: Adding job tentatively -- it will be properly scheduled when the scheduler starts
2026-09-16 15:46:13,170 [apscheduler.scheduler] INFO: Added job "schedule_wrapper" to job store "default"
2026-09-16 15:46:13,171 [apscheduler.scheduler] INFO: Scheduler started
2026-09-16 15:46:13,513 [apscheduler.scheduler] INFO: Scheduler has been shut down
2026-09-16 15:46:16,428 [apscheduler.scheduler] INFO: Adding job tentatively -- it will be properly scheduled when the scheduler starts
2026-09-16 15:46:16,430 [apscheduler.scheduler] INFO: Added job "schedule_wrapper" to job store "default"
2026-09-16 15:46:16,430 [apscheduler.scheduler] INFO: Scheduler started
2026-09-16 15:46:21,554 [apscheduler.scheduler] INFO: Scheduler has been shut down
2026-09-16 15:46:24,368 [apscheduler.scheduler] INFO: Adding job tentatively -- it will be properly scheduled when the scheduler starts
2026-09-16 15:46:24,376 [apscheduler.scheduler] INFO: Added job "schedule_wrapper" to job store "default"
2026-09-16 15:46:24,376 [apscheduler.scheduler] INFO: Scheduler started
2026-09-16 15:46:27,490 [apscheduler.scheduler] INFO: Scheduler has been shut down
2026-09-16 15:51:15,452 [apscheduler.scheduler] INFO: Adding job tentatively -- it will be properly scheduled when the scheduler starts
2026-09-16 15:51:15,453 [apscheduler.scheduler] INFO: Added job "schedule_wrapper" to job store "default"
2026-09-16 15:51:15,453 [apscheduler.scheduler] INFO: Scheduler started
2026-09-16 15:51:15,596 [main] INFO: GET / 200 0.124s
2026-09-16 15:51:15,617 [main] INFO: GET /static/bindin-icon-64.png 304 0.003s
2026-09-16 15:51:15,774 [main] INFO: GET /docs 200 0.001s
2026-09-16 15:51:16,775 [main] INFO: GET /openapi.json 200 0.140s
2026-09-16 15:52:01,985 [apscheduler.scheduler] INFO: Scheduler has been shut down
2026-09-16 15:52:05,258 [apscheduler.scheduler] INFO: Adding job tentatively -- it will be properly scheduled when the scheduler starts
2026-09-16 15:52:05,260 [apscheduler.scheduler] INFO: Added job "schedule_wrapper" to job store "default"
2026-09-16 15:52:05,260 [apscheduler.scheduler] INFO: Scheduler started
2026-09-16 15:52:06,153 [apscheduler.scheduler] INFO: Scheduler has been shut down
2026-09-16 15:52:10,072 [apscheduler.scheduler] INFO: Adding job tentatively -- it will be properly scheduled when the scheduler starts
2026-09-16 15:52:10,074 [apscheduler.scheduler] INFO: Added job "schedule_wrapper" to job store "default"
2026-09-16 15:52:10,074 [apscheduler.scheduler] INFO: Scheduler started
2026-09-16 15:52:14,640 [apscheduler.scheduler] INFO: Scheduler has been shut down
2026-09-16 15:52:18,348 [apscheduler.scheduler] INFO: Adding job tentatively -- it will be properly scheduled when the scheduler starts
2026-09-16 15:52:18,349 [apscheduler.scheduler] INFO: Added job "schedule_wrapper" to job store "default"
2026-09-16 15:52:18,349 [apscheduler.scheduler] INFO: Scheduler started
2026-09-16 15:52:18,463 [apscheduler.scheduler] INFO: Scheduler has been shut down
2026-09-16 15:52:21,859 [apscheduler.scheduler] INFO: Adding job tentatively -- it will be properly scheduled when the scheduler starts
2026-09-16 15:52:21,861 [apscheduler.scheduler] INFO: Added job "schedule_wrapper" to job store "default"
2026-09-16 15:52:21,861 [apscheduler.scheduler] INFO: Scheduler started
2026-09-16 15:52:21,973 [apscheduler.scheduler] INFO: Scheduler has been shut down
2026-09-16 15:52:25,910 [apscheduler.scheduler] INFO: Adding job tentatively -- it will be properly scheduled when the scheduler starts
2026-09-16 15:52:25,911 [apscheduler.scheduler] INFO: Added job "schedule_wrapper" to job store "default"
2026-09-16 15:52:25,911 [apscheduler.scheduler] INFO: Scheduler started
2026-09-16 15:52:28,712 [apscheduler.scheduler] INFO: Scheduler has been shut down
2026-09-16 15:52:31,946 [apscheduler.scheduler] INFO: Adding job tentatively -- it will be properly scheduled when the scheduler starts
2026-09-16 15:52:31,948 [apscheduler.scheduler] INFO: Added job "schedule_wrapper" to job store "default"
2026-09-16 15:52:31,948 [apscheduler.scheduler] INFO: Scheduler started
2026-09-16 15:52:32,265 [apscheduler.scheduler] INFO: Scheduler has been shut down
2026-09-16 15:52:40,960 [apscheduler.scheduler] INFO: Adding job tentatively -- it will be properly scheduled when the scheduler starts
2026-09-16 15:52:40,961 [apscheduler.scheduler] INFO: Added job "schedule_wrapper" to job store "default"
2026-09-16 15:52:40,961 [apscheduler.scheduler] INFO: Scheduler started
2026-09-16 15:52:41,069 [apscheduler.scheduler] INFO: Scheduler has been shut down
2026-09-16 15:52:43,773 [apscheduler.scheduler] INFO: Adding job tentatively -- it will be properly scheduled when the scheduler starts
2026-09-16 15:52:43,774 [apscheduler.scheduler] INFO: Added job "schedule_wrapper" to job store "default"
2026-09-16 15:52:43,774 [apscheduler.scheduler] INFO: Scheduler started
2026-09-16 15:52:43,887 [apscheduler.scheduler] INFO: Scheduler has been shut down
2026-09-16 15:52:46,159 [apscheduler.scheduler] INFO: Adding job tentatively -- it will be properly scheduled when the scheduler starts
2026-09-16 15:52:46,160 [apscheduler.scheduler] INFO: Added job "schedule_wrapper" to job store "default"
2026-09-16 15:52:46,160 [apscheduler.scheduler] INFO: Scheduler started
2026-09-16 15:53:06,103 [apscheduler.scheduler] INFO: Scheduler has been shut down
2026-09-16 15:53:09,820 [apscheduler.scheduler] INFO: Adding job tentatively -- it will be properly scheduled when the scheduler starts
2026-09-16 15:53:09,822 [apscheduler.scheduler] INFO: Added job "schedule_wrapper" to job store "default"
2026-09-16 15:53:09,822 [apscheduler.scheduler] INFO: Scheduler started
2026-09-16 15:53:09,947 [apscheduler.scheduler] INFO: Scheduler has been shut down
2026-09-16 15:53:13,754 [apscheduler.scheduler] INFO: Adding job tentatively -- it will be properly scheduled when the scheduler starts
2026-09-16 15:53:13,757 [apscheduler.scheduler] INFO: Added job "schedule_wrapper" to job store "default"
2026-09-16 15:53:13,758 [apscheduler.scheduler] INFO: Scheduler started
2026-09-16 15:53:54,279 [apscheduler.scheduler] INFO: Scheduler has been shut down
2026-09-16 15:53:58,265 [apscheduler.scheduler] INFO: Adding job tentatively -- it will be properly scheduled when the scheduler starts
2026-09-16 15:53:58,271 [apscheduler.scheduler] INFO: Added job "schedule_wrapper" to job store "default"
2026-09-16 15:53:58,271 [apscheduler.scheduler] INFO: Scheduler started
2026-09-16 15:53:58,375 [apscheduler.scheduler] INFO: Scheduler has been shut down
2026-09-16 15:54:02,933 [apscheduler.scheduler] INFO: Adding job tentatively -- it will be properly scheduled when the scheduler starts
2026-09-16 15:54:02,935 [apscheduler.scheduler] INFO: Added job "schedule_wrapper" to job store "default"
2026-09-16 15:54:02,935 [apscheduler.scheduler] INFO: Scheduler started
2026-09-16 15:54:03,037 [apscheduler.scheduler] INFO: Scheduler has been shut down
2026-09-16 15:54:05,942 [apscheduler.scheduler] INFO: Adding job tentatively -- it will be properly scheduled when the scheduler starts
2026-09-16 15:54:05,951 [apscheduler.scheduler] INFO: Added job "schedule_wrapper" to job store "default"
2026-09-16 15:54:05,952 [apscheduler.scheduler] INFO: Scheduler started
2026-09-16 15:54:09,999 [apscheduler.scheduler] INFO: Scheduler has been shut down
2026-09-16 15:54:13,519 [apscheduler.scheduler] INFO: Adding job tentatively -- it will be properly scheduled when the scheduler starts
2026-09-16 15:54:13,520 [apscheduler.scheduler] INFO: Added job "schedule_wrapper" to job store "default"
2026-09-16 15:54:13,520 [apscheduler.scheduler] INFO: Scheduler started
2026-09-16 15:54:20,981 [apscheduler.scheduler] INFO: Scheduler has been shut down
2026-09-16 15:54:24,783 [apscheduler.scheduler] INFO: Adding job tentatively -- it will be properly scheduled when the scheduler starts
2026-09-16 15:54:24,785 [apscheduler.scheduler] INFO: Added job "schedule_wrapper" to job store "default"
2026-09-16 15:54:24,785 [apscheduler.scheduler] INFO: Scheduler started
2026-09-16 15:54:24,894 [apscheduler.scheduler] INFO: Scheduler has been shut down
2026-09-16 15:54:28,124 [apscheduler.scheduler] INFO: Adding job tentatively -- it will be properly scheduled when the scheduler starts
2026-09-16 15:54:28,125 [apscheduler.scheduler] INFO: Added job "schedule_wrapper" to job store "default"
2026-09-16 15:54:28,126 [apscheduler.scheduler] INFO: Scheduler started
2026-09-16 15:54:29,899 [apscheduler.scheduler] INFO: Scheduler has been shut down
2026-09-16 15:54:33,943 [apscheduler.scheduler] INFO: Adding job tentatively -- it will be properly scheduled when the scheduler starts
2026-09-16 15:54:33,945 [apscheduler.scheduler] INFO: Added job "schedule_wrapper" to job store "default"
2026-09-16 15:54:33,945 [apscheduler.scheduler] INFO: Scheduler started
2026-09-16 15:54:35,058 [apscheduler.scheduler] INFO: Scheduler has been shut down
2026-09-16 15:54:38,359 [apscheduler.scheduler] INFO: Adding job tentatively -- it will be properly scheduled when the scheduler starts
2026-09-16 15:54:38,360 [apscheduler.scheduler] INFO: Added job "schedule_wrapper" to job store "default"
2026-09-16 15:54:38,360 [apscheduler.scheduler] INFO: Scheduler started
2026-09-16 15:54:39,021 [apscheduler.scheduler] INFO: Scheduler has been shut down
2026-09-16 15:54:41,317 [apscheduler.scheduler] INFO: Adding job tentatively -- it will be properly scheduled when the scheduler starts
2026-09-16 15:54:41,319 [apscheduler.scheduler] INFO: Added job "schedule_wrapper" to job store "default"
2026-09-16 15:54:41,319 [apscheduler.scheduler] INFO: Scheduler started
2026-09-16 15:54:45,986 [apscheduler.scheduler] INFO: Scheduler has been shut down
2026-09-16 15:54:49,117 [apscheduler.scheduler] INFO: Adding job tentatively -- it will be properly scheduled when the scheduler starts
2026-09-16 15:54:49,120 [apscheduler.scheduler] INFO: Added job "schedule_wrapper" to job store "default"
2026-09-16 15:54:49,121 [apscheduler.scheduler] INFO: Scheduler started
2026-09-16 15:54:54,354 [apscheduler.scheduler] INFO: Scheduler has been shut down
2026-09-16 15:54:57,235 [apscheduler.scheduler] INFO: Adding job tentatively -- it will be properly scheduled when the scheduler starts
2026-09-16 15:54:57,238 [apscheduler.scheduler] INFO: Added job "schedule_wrapper" to job store "default"
2026-09-16 15:54:57,238 [apscheduler.scheduler] INFO: Scheduler started
2026-09-16 15:55:46,078 [apscheduler.scheduler] INFO: Scheduler has been shut down
2026-09-16 15:55:48,463 [apscheduler.scheduler] INFO: Adding job tentatively -- it will be properly scheduled when the scheduler starts
2026-09-16 15:55:48,464 [apscheduler.scheduler] INFO: Added job "schedule_wrapper" to job store "default"
2026-09-16 15:55:48,464 [apscheduler.scheduler] INFO: Scheduler started
2026-09-16 15:55:55,363 [apscheduler.scheduler] INFO: Scheduler has been shut down
2026-09-16 15:55:58,224 [apscheduler.scheduler] INFO: Adding job tentatively -- it will be properly scheduled when the scheduler starts
2026-09-16 15:55:58,226 [apscheduler.scheduler] INFO: Added job "schedule_wrapper" to job store "default"
2026-09-16 15:55:58,226 [apscheduler.scheduler] INFO: Scheduler started
2026-09-16 15:56:01,105 [apscheduler.scheduler] INFO: Scheduler has been shut down
2026-09-16 15:56:03,736 [apscheduler.scheduler] INFO: Adding job tentatively -- it will be properly scheduled when the scheduler starts
2026-09-16 15:56:03,737 [apscheduler.scheduler] INFO: Added job "schedule_wrapper" to job store "default"
2026-09-16 15:56:03,737 [apscheduler.scheduler] INFO: Scheduler started
2026-09-16 15:56:05,631 [apscheduler.scheduler] INFO: Scheduler has been shut down
2026-09-16 15:56:08,559 [apscheduler.scheduler] INFO: Adding job tentatively -- it will be properly scheduled when the scheduler starts
2026-09-16 15:56:08,561 [apscheduler.scheduler] INFO: Added job "schedule_wrapper" to job store "default"
2026-09-16 15:56:08,561 [apscheduler.scheduler] INFO: Scheduler started
2026-09-16 15:56:09,775 [apscheduler.scheduler] INFO: Scheduler has been shut down
2026-09-16 15:56:12,769 [apscheduler.scheduler] INFO: Adding job tentatively -- it will be properly scheduled when the scheduler starts
2026-09-16 15:56:12,789 [apscheduler.scheduler] INFO: Added job "schedule_wrapper" to job store "default"
2026-09-16 15:56:12,789 [apscheduler.scheduler] INFO: Scheduler started
2026-09-16 15:56:12,930 [apscheduler.scheduler] INFO: Scheduler has been shut down
2026-09-16 15:56:16,218 [apscheduler.scheduler] INFO: Adding job tentatively -- it will be properly scheduled when the scheduler starts
2026-09-16 15:56:16,219 [apscheduler.scheduler] INFO: Added job "schedule_wrapper" to job store "default"
2026-09-16 15:56:16,219 [apscheduler.scheduler] INFO: Scheduler started
2026-09-16 15:56:36,687 [apscheduler.scheduler] INFO: Scheduler has been shut down
2026-09-16 15:56:39,753 [apscheduler.scheduler] INFO: Adding job tentatively -- it will be properly scheduled when the scheduler starts
2026-09-16 15:56:39,756 [apscheduler.scheduler] INFO: Added job "schedule_wrapper" to job store "default"
2026-09-16 15:56:39,756 [apscheduler.scheduler] INFO: Scheduler started
2026-09-16 15:57:29,075 [main] INFO: GET /api/application/ 401 0.022s
2026-09-16 15:57:39,269 [passlib.handlers.bcrypt] WARNING: (trapped) error reading bcrypt version
Traceback (most recent call last):
  File "C:\Users\user\Pictures\subscription-manager\venv\Lib\site-packages\passlib\handlers\bcrypt.py", line 620, in _load_backend_mixin
    version = _bcrypt.__about__.__version__
              ^^^^^^^^^^^^^^^^^
AttributeError: module 'bcrypt' has no attribute '__about__'
2026-09-16 15:57:39,644 [main] INFO: POST /api/auth/login 200 4.436s
2026-09-16 16:02:53,010 [apscheduler.scheduler] INFO: Scheduler has been shut down
2026-09-16 16:02:56,127 [apscheduler.scheduler] INFO: Adding job tentatively -- it will be properly scheduled when the scheduler starts
2026-09-16 16:02:56,129 [apscheduler.scheduler] INFO: Added job "schedule_wrapper" to job store "default"
2026-09-16 16:02:56,129 [apscheduler.scheduler] INFO: Scheduler started
2026-09-16 16:03:17,536 [apscheduler.scheduler] INFO: Scheduler has been shut down
2026-09-16 16:03:20,057 [apscheduler.scheduler] INFO: Adding job tentatively -- it will be properly scheduled when the scheduler starts
2026-09-16 16:03:20,059 [apscheduler.scheduler] INFO: Added job "schedule_wrapper" to job store "default"
2026-09-16 16:03:20,059 [apscheduler.scheduler] INFO: Scheduler started
2026-09-17 08:59:26,537 [apscheduler.scheduler] INFO: Adding job tentatively -- it will be properly scheduled when the scheduler starts
2026-09-17 08:59:26,540 [apscheduler.scheduler] INFO: Added job "schedule_wrapper" to job store "default"
2026-09-17 08:59:26,540 [apscheduler.scheduler] INFO: Scheduler started
2026-09-17 08:59:26,653 [apscheduler.scheduler] INFO: Scheduler has been shut down
2026-09-17 08:59:29,526 [apscheduler.scheduler] INFO: Adding job tentatively -- it will be properly scheduled when the scheduler starts
2026-09-17 08:59:29,527 [apscheduler.scheduler] INFO: Added job "schedule_wrapper" to job store "default"
2026-09-17 08:59:29,527 [apscheduler.scheduler] INFO: Scheduler started
2026-09-17 08:59:29,687 [main] INFO: GET / 200 0.122s
2026-09-17 08:59:29,723 [main] INFO: GET /static/bindin-icon-64.png 304 0.002s
2026-09-17 08:59:32,275 [main] INFO: GET /auth 200 0.003s
2026-09-17 08:59:32,757 [apscheduler.scheduler] INFO: Scheduler has been shut down
2026-09-17 08:59:35,057 [apscheduler.scheduler] INFO: Adding job tentatively -- it will be properly scheduled when the scheduler starts
2026-09-17 08:59:35,058 [apscheduler.scheduler] INFO: Added job "schedule_wrapper" to job store "default"
2026-09-17 08:59:35,058 [apscheduler.scheduler] INFO: Scheduler started
2026-09-17 08:59:41,254 [main] INFO: GET /dashboard 200 0.112s
2026-09-17 08:59:41,283 [main] INFO: GET /static/css/dashboard.css 304 0.004s
2026-09-17 08:59:41,284 [main] INFO: GET /static/js/dashboard.js 304 0.004s
2026-09-17 08:59:46,108 [main] INFO: GET /docs 200 0.001s
2026-09-17 08:59:46,528 [main] INFO: GET /openapi.json 200 0.104s
2026-09-17 08:59:50,088 [apscheduler.scheduler] INFO: Scheduler has been shut down
2026-09-17 08:59:52,556 [apscheduler.scheduler] INFO: Adding job tentatively -- it will be properly scheduled when the scheduler starts
2026-09-17 08:59:52,558 [apscheduler.scheduler] INFO: Added job "schedule_wrapper" to job store "default"
2026-09-17 08:59:52,558 [apscheduler.scheduler] INFO: Scheduler started
2026-09-17 08:59:58,583 [apscheduler.scheduler] INFO: Scheduler has been shut down
2026-09-17 09:05:57,297 [apscheduler.scheduler] INFO: Adding job tentatively -- it will be properly scheduled when the scheduler starts
2026-09-17 09:05:57,299 [apscheduler.scheduler] INFO: Added job "schedule_wrapper" to job store "default"
2026-09-17 09:05:57,299 [apscheduler.scheduler] INFO: Scheduler started
2026-09-17 09:06:06,942 [main] INFO: GET /health 200 0.123s
2026-09-17 09:06:53,102 [apscheduler.scheduler] INFO: Adding job tentatively -- it will be properly scheduled when the scheduler starts
2026-09-17 09:06:53,103 [apscheduler.scheduler] INFO: Added job "schedule_wrapper" to job store "default"
2026-09-17 09:06:53,103 [apscheduler.scheduler] INFO: Scheduler started
2026-09-17 09:06:53,106 [apscheduler.scheduler] INFO: Scheduler has been shut down
2026-09-17 09:07:21,142 [apscheduler.scheduler] INFO: Adding job tentatively -- it will be properly scheduled when the scheduler starts
2026-09-17 09:07:21,144 [apscheduler.scheduler] INFO: Added job "schedule_wrapper" to job store "default"
2026-09-17 09:07:21,144 [apscheduler.scheduler] INFO: Scheduler started
2026-09-17 09:07:21,543 [main] INFO: GET /health 200 0.126s
2026-09-17 09:07:43,945 [passlib.handlers.bcrypt] WARNING: (trapped) error reading bcrypt version
Traceback (most recent call last):
  File "C:\Users\user\AppData\Local\Temp\bindin_venv\Lib\site-packages\passlib\handlers\bcrypt.py", line 620, in _load_backend_mixin
    version = _bcrypt.__about__.__version__
              ^^^^^^^^^^^^^^^^^
AttributeError: module 'bcrypt' has no attribute '__about__'
2026-09-17 09:07:44,330 [main] INFO: POST /api/auth/register 201 0.498s
2026-09-17 09:07:44,749 [main] INFO: POST /api/auth/register 201 0.357s
2026-09-17 09:07:44,815 [main] INFO: POST /api/auth/register 409 0.004s
2026-09-17 09:07:45,216 [main] INFO: POST /api/auth/login 401 0.337s
2026-09-17 09:07:45,643 [main] INFO: POST /api/auth/login 200 0.360s
2026-09-17 09:07:46,072 [main] INFO: POST /api/auth/login 200 0.359s
2026-09-17 09:08:09,969 [main] INFO: POST /api/auth/login 200 0.373s
2026-09-17 09:08:10,473 [main] INFO: POST /api/auth/login 200 0.367s
2026-09-17 09:08:10,977 [main] INFO: POST /api/auth/login 200 0.370s
2026-09-17 09:08:22,620 [main] INFO: POST /api/application/ 201 0.074s
2026-09-17 09:08:23,151 [main] INFO: POST /api/application/link/1 200 0.048s
2026-09-17 09:08:23,321 [main] INFO: GET /api/application/ 200 0.101s
2026-09-17 09:08:39,525 [main] INFO: POST /api/card/charge 400 0.030s
2026-09-17 09:08:39,621 [main] INFO: POST /api/card/charge 404 0.031s
2026-09-17 09:08:58,171 [main] INFO: POST /api/card/charge 400 0.028s
2026-09-17 09:09:09,518 [main] INFO: GET /api/admin/stats 403 0.023s
2026-09-17 09:09:09,610 [main] INFO: GET /api/admin/stats 200 0.039s
2026-09-17 09:09:09,692 [main] INFO: GET /api/admin/users 200 0.028s
2026-09-17 09:09:09,832 [main] INFO: PATCH /api/admin/users/1/status 200 0.086s
2026-09-17 09:09:09,890 [main] INFO: GET /api/auth/me 401 0.004s
2026-09-17 09:09:10,281 [main] INFO: POST /api/auth/login 401 0.337s
2026-09-17 09:09:22,147 [main] INFO: PATCH /api/admin/users/1/status 200 0.064s
2026-09-17 09:09:22,632 [main] INFO: POST /api/auth/login 200 0.373s
2026-09-17 09:09:22,756 [main] INFO: GET /api/admin/sessions 200 0.036s
2026-09-17 09:09:22,855 [main] INFO: GET /api/admin/audit-log 200 0.033s
2026-09-17 09:09:38,792 [main] INFO: POST /api/developer/keys 201 0.049s
2026-09-17 09:09:39,284 [main] INFO: GET /api/developer/keys 200 0.021s
2026-09-17 09:09:39,355 [main] INFO: GET /api/auth/me_service 200 0.020s
2026-09-17 09:09:39,428 [main] INFO: POST /api/application/ 201 0.024s
2026-09-17 09:09:39,484 [main] INFO: GET /api/auth/me_service 401 0.003s
2026-09-17 09:09:43,300 [apscheduler.scheduler] INFO: Adding job tentatively -- it will be properly scheduled when the scheduler starts
2026-09-17 09:09:43,301 [apscheduler.scheduler] INFO: Added job "schedule_wrapper" to job store "default"
2026-09-17 09:09:43,301 [apscheduler.scheduler] INFO: Scheduler started
2026-09-17 09:09:43,491 [main] INFO: GET /docs 200 0.001s
2026-09-17 09:09:44,201 [main] INFO: GET /openapi.json 200 0.578s
2026-09-17 09:10:21,358 [main] INFO: POST /api/admin/applications/1/retry-charge 200 0.076s
2026-09-17 09:10:21,483 [main] INFO: POST /api/admin/applications/1/retry-charge 200 0.073s
2026-09-17 09:10:21,558 [main] INFO: POST /api/admin/applications/1/retry-charge 400 0.023s
2026-09-17 09:10:21,638 [main] INFO: GET /api/admin/payment-attempts 200 0.027s
2026-09-17 09:10:32,463 [main] INFO: PATCH /api/admin/applications/1/reactivate 200 0.063s
2026-09-17 09:10:32,542 [main] INFO: PATCH /api/admin/transactions/999 404 0.025s
2026-09-17 09:10:32,625 [main] INFO: GET /api/admin/applications 200 0.030s
2026-09-17 09:10:35,393 [apscheduler.scheduler] INFO: Scheduler has been shut down
2026-09-17 09:11:29,867 [apscheduler.scheduler] INFO: Adding job tentatively -- it will be properly scheduled when the scheduler starts
2026-09-17 09:11:29,869 [apscheduler.scheduler] INFO: Added job "schedule_wrapper" to job store "default"
2026-09-17 09:11:29,869 [apscheduler.scheduler] INFO: Scheduler started
2026-09-17 09:11:30,492 [main] INFO: GET /health 200 0.099s
2026-09-17 09:11:37,374 [main] INFO: GET /api/auth/me 200 0.082s
2026-09-17 09:20:34,006 [main] INFO: GET / 200 0.152s
2026-09-17 09:20:34,025 [main] INFO: GET /static/bindin-icon-64.png 200 0.003s
2026-09-17 09:20:34,780 [main] INFO: GET /static/bindin-icon-32.png 200 0.002s
2026-09-17 09:21:26,342 [main] INFO: GET /admin 404 0.002s
2026-09-17 09:21:26,380 [main] INFO: GET /favicon.ico 404 0.001s
2026-09-17 09:21:54,605 [main] INFO: GET / 200 0.004s
2026-09-17 09:21:54,643 [main] INFO: GET /static/bindin-icon-64.png 200 0.003s
2026-09-17 09:21:54,928 [main] INFO: GET /static/favicon.ico 200 0.007s
2026-09-17 09:21:57,927 [main] INFO: GET /docs 200 0.000s
2026-09-17 09:21:58,362 [main] INFO: GET /openapi.json 200 0.306s
2026-09-17 09:22:09,551 [apscheduler.scheduler] INFO: Adding job tentatively -- it will be properly scheduled when the scheduler starts
2026-09-17 09:22:09,553 [apscheduler.scheduler] INFO: Added job "schedule_wrapper" to job store "default"
2026-09-17 09:22:09,553 [apscheduler.scheduler] INFO: Scheduler started
2026-09-17 09:22:10,289 [main] INFO: GET /auth 200 0.446s
2026-09-17 09:22:10,316 [main] INFO: GET /admin 200 0.336s
2026-09-17 09:22:17,257 [main] INFO: GET /admin 200 0.003s
2026-09-17 09:22:17,290 [main] INFO: GET /static/css/dashboard.css 200 0.006s
2026-09-17 09:22:17,291 [main] INFO: GET /static/js/dashboard.js 200 0.005s
2026-09-17 09:22:29,673 [main] INFO: GET /auth 200 0.005s
2026-09-17 09:22:30,698 [main] INFO: GET /auth 200 0.003s
2026-09-17 09:22:30,844 [main] INFO: GET /auth 200 0.002s
2026-09-17 09:22:41,886 [main] INFO: GET /admin/users 200 0.003s
2026-09-17 09:22:41,947 [main] INFO: GET /favicon.ico 404 0.001s
2026-09-17 09:23:06,670 [main] INFO: GET /admin/applications 200 0.004s
2026-09-17 09:23:06,736 [main] INFO: GET /favicon.ico 404 0.001s
2026-09-17 09:23:32,461 [main] INFO: GET /admin/logs 200 0.003s
2026-09-17 09:23:32,492 [main] INFO: GET /static/css/dashboard.css 304 0.008s
2026-09-17 09:23:32,494 [main] INFO: GET /static/js/dashboard.js 304 0.007s
2026-09-17 09:23:32,546 [main] INFO: GET /favicon.ico 404 0.001s
2026-09-17 09:24:07,007 [main] INFO: GET /developer 200 0.002s
2026-09-17 09:24:07,334 [main] INFO: GET /favicon.ico 404 0.001s
2026-09-17 09:24:31,019 [main] INFO: GET / 200 0.002s
2026-09-17 09:24:34,137 [main] INFO: GET /auth 200 0.003s
2026-09-17 09:24:39,914 [main] INFO: GET /.well-known/appspecific/com.chrome.devtools.json 404 0.001s
2026-09-17 09:25:12,623 [main] INFO: GET /api/developer/keys 200 0.097s
2026-09-17 09:26:57,249 [apscheduler.scheduler] INFO: Adding job tentatively -- it will be properly scheduled when the scheduler starts
2026-09-17 09:26:57,250 [apscheduler.scheduler] INFO: Added job "schedule_wrapper" to job store "default"
2026-09-17 09:26:57,250 [apscheduler.scheduler] INFO: Scheduler started
2026-09-17 09:26:57,983 [main] INFO: GET /docs 200 0.001s
2026-09-17 09:26:58,644 [main] INFO: GET /openapi.json 200 0.475s
2026-09-17 09:27:12,469 [main] INFO: GET /docs 200 0.001s
2026-09-17 09:27:12,603 [main] INFO: GET /openapi.json 200 0.007s
2026-09-17 09:28:29,557 [main] INFO: GET /docs 200 0.001s
2026-09-17 09:28:29,675 [main] INFO: GET /openapi.json 200 0.003s
2026-09-17 09:29:43,634 [apscheduler.scheduler] INFO: Adding job tentatively -- it will be properly scheduled when the scheduler starts
2026-09-17 09:29:43,635 [apscheduler.scheduler] INFO: Added job "schedule_wrapper" to job store "default"
2026-09-17 09:29:43,635 [apscheduler.scheduler] INFO: Scheduler started
2026-09-17 09:29:44,895 [main] INFO: GET /docs 200 0.001s
2026-09-17 09:29:45,417 [main] INFO: GET /openapi.json 200 0.377s
2026-09-17 09:30:01,306 [main] INFO: POST /api/auth/login 401 3.748s
2026-09-17 09:35:37,646 [main] INFO: GET /docs 200 0.002s
2026-09-17 09:35:37,657 [main] INFO: GET /.well-known/appspecific/com.chrome.devtools.json 404 0.012s
2026-09-17 09:35:37,826 [main] INFO: GET /dashboard 200 0.180s
2026-09-17 09:35:37,827 [main] INFO: GET /dashboard 200 0.181s
2026-09-17 09:35:37,830 [main] INFO: GET /dashboard/applications 200 0.184s
2026-09-17 09:35:38,139 [passlib.handlers.bcrypt] WARNING: (trapped) error reading bcrypt version
Traceback (most recent call last):
  File "C:\Users\user\Pictures\subscription-manager\venv\Lib\site-packages\passlib\handlers\bcrypt.py", line 620, in _load_backend_mixin
    version = _bcrypt.__about__.__version__
              ^^^^^^^^^^^^^^^^^
AttributeError: module 'bcrypt' has no attribute '__about__'
2026-09-17 09:35:41,926 [sqlalchemy.pool.impl.AsyncAdaptedQueuePool] ERROR: Exception terminating connection <AdaptedConnection <asyncpg.connection.Connection object at 0x000002DABF66B110>>
Traceback (most recent call last):
  File "C:\Users\user\AppData\Local\Python\pythoncore-3.14-64\Lib\asyncio\runners.py", line 204, in run
    return runner.run(main)
           ~~~~~~~~~~^^^^^^
  File "C:\Users\user\AppData\Local\Python\pythoncore-3.14-64\Lib\asyncio\runners.py", line 127, in run
    return self._loop.run_until_complete(task)
           ~~~~~~~~~~~~~~~~~~~~~~~~~~~~~^^^^^^
  File "C:\Users\user\AppData\Local\Python\pythoncore-3.14-64\Lib\asyncio\base_events.py", line 706, in run_until_complete
    self.run_forever()
    ~~~~~~~~~~~~~~~~^^
  File "C:\Users\user\AppData\Local\Python\pythoncore-3.14-64\Lib\asyncio\base_events.py", line 677, in run_forever
    self._run_once()
    ~~~~~~~~~~~~~~^^
  File "C:\Users\user\AppData\Local\Python\pythoncore-3.14-64\Lib\asyncio\base_events.py", line 2046, in _run_once
    handle._run()
    ~~~~~~~~~~~^^
  File "C:\Users\user\AppData\Local\Python\pythoncore-3.14-64\Lib\asyncio\events.py", line 94, in _run
    self._context.run(self._callback, *self._args)
    ~~~~~~~~~~~~~~~~~^^^^^^^^^^^^^^^^^^^^^^^^^^^^^
  File "C:\Users\user\Pictures\subscription-manager\venv\Lib\site-packages\uvicorn\server.py", line 80, in serve
    with self.capture_signals():
         ~~~~~~~~~~~~~~~~~~~~^^
  File "C:\Users\user\AppData\Local\Python\pythoncore-3.14-64\Lib\contextlib.py", line 148, in __exit__
    next(self.gen)
    ~~~~^^^^^^^^^^
  File "C:\Users\user\Pictures\subscription-manager\venv\Lib\site-packages\uvicorn\server.py", line 340, in capture_signals
    signal.raise_signal(captured_signal)
    ~~~~~~~~~~~~~~~~~~~^^^^^^^^^^^^^^^^^
  File "C:\Users\user\AppData\Local\Python\pythoncore-3.14-64\Lib\asyncio\runners.py", line 166, in _on_sigint
    raise KeyboardInterrupt()
KeyboardInterrupt

During handling of the above exception, another exception occurred:

Traceback (most recent call last):
  File "C:\Users\user\Pictures\subscription-manager\venv\Lib\site-packages\sqlalchemy\pool\base.py", line 373, in _close_connection
    self._dialect.do_terminate(connection)
    ~~~~~~~~~~~~~~~~~~~~~~~~~~^^^^^^^^^^^^
  File "C:\Users\user\Pictures\subscription-manager\venv\Lib\site-packages\sqlalchemy\dialects\postgresql\asyncpg.py", line 1131, in do_terminate
    dbapi_connection.terminate()
    ~~~~~~~~~~~~~~~~~~~~~~~~~~^^
  File "C:\Users\user\Pictures\subscription-manager\venv\Lib\site-packages\sqlalchemy\connectors\asyncio.py", line 402, in terminate
    self.await_(asyncio.shield(self._terminate_graceful_close()))  # type: ignore[attr-defined] # noqa: E501
    ~~~~~~~~~~~^^^^^^^^^^^^^^^^^^^^^^^^^^^^^^^^^^^^^^^^^^^^^^^^^^
  File "C:\Users\user\Pictures\subscription-manager\venv\Lib\site-packages\sqlalchemy\util\_concurrency_py3k.py", line 132, in await_only
    return current.parent.switch(awaitable)  # type: ignore[no-any-return,attr-defined] # noqa: E501
           ~~~~~~~~~~~~~~~~~~~~~^^^^^^^^^^^
  File "C:\Users\user\Pictures\subscription-manager\venv\Lib\site-packages\sqlalchemy\util\_concurrency_py3k.py", line 196, in greenlet_spawn
    value = await result
            ^^^^^^^^^^^^
asyncio.exceptions.CancelledError: Cancelled via cancel scope 2dabf617ed0 by <Task cancelling name='Task-22' coro=<RequestResponseCycle.run_asgi() running at C:\Users\user\Pictures\subscription-manager\venv\Lib\site-packages\uvicorn\protocols\http\httptools_impl.py:422> cb=[set.discard(), gather.<locals>._done_callback() at C:\Users\user\AppData\Local\Python\pythoncore-3.14-64\Lib\asyncio\tasks.py:810]>
2026-09-17 09:35:41,971 [sqlalchemy.pool.impl.AsyncAdaptedQueuePool] ERROR: Exception terminating connection <AdaptedConnection <asyncpg.connection.Connection object at 0x000002DABF66AF30>>
Traceback (most recent call last):
  File "C:\Users\user\AppData\Local\Python\pythoncore-3.14-64\Lib\asyncio\runners.py", line 204, in run
    return runner.run(main)
           ~~~~~~~~~~^^^^^^
  File "C:\Users\user\AppData\Local\Python\pythoncore-3.14-64\Lib\asyncio\runners.py", line 127, in run
    return self._loop.run_until_complete(task)
           ~~~~~~~~~~~~~~~~~~~~~~~~~~~~~^^^^^^
  File "C:\Users\user\AppData\Local\Python\pythoncore-3.14-64\Lib\asyncio\base_events.py", line 706, in run_until_complete
    self.run_forever()
    ~~~~~~~~~~~~~~~~^^
  File "C:\Users\user\AppData\Local\Python\pythoncore-3.14-64\Lib\asyncio\base_events.py", line 677, in run_forever
    self._run_once()
    ~~~~~~~~~~~~~~^^
  File "C:\Users\user\AppData\Local\Python\pythoncore-3.14-64\Lib\asyncio\base_events.py", line 2046, in _run_once
    handle._run()
    ~~~~~~~~~~~^^
  File "C:\Users\user\AppData\Local\Python\pythoncore-3.14-64\Lib\asyncio\events.py", line 94, in _run
    self._context.run(self._callback, *self._args)
    ~~~~~~~~~~~~~~~~~^^^^^^^^^^^^^^^^^^^^^^^^^^^^^
  File "C:\Users\user\Pictures\subscription-manager\venv\Lib\site-packages\uvicorn\server.py", line 80, in serve
    with self.capture_signals():
         ~~~~~~~~~~~~~~~~~~~~^^
  File "C:\Users\user\AppData\Local\Python\pythoncore-3.14-64\Lib\contextlib.py", line 148, in __exit__
    next(self.gen)
    ~~~~^^^^^^^^^^
  File "C:\Users\user\Pictures\subscription-manager\venv\Lib\site-packages\uvicorn\server.py", line 340, in capture_signals
    signal.raise_signal(captured_signal)
    ~~~~~~~~~~~~~~~~~~~^^^^^^^^^^^^^^^^^
  File "C:\Users\user\AppData\Local\Python\pythoncore-3.14-64\Lib\asyncio\runners.py", line 166, in _on_sigint
    raise KeyboardInterrupt()
KeyboardInterrupt

During handling of the above exception, another exception occurred:

Traceback (most recent call last):
  File "C:\Users\user\Pictures\subscription-manager\venv\Lib\site-packages\sqlalchemy\pool\base.py", line 373, in _close_connection
    self._dialect.do_terminate(connection)
    ~~~~~~~~~~~~~~~~~~~~~~~~~~^^^^^^^^^^^^
  File "C:\Users\user\Pictures\subscription-manager\venv\Lib\site-packages\sqlalchemy\dialects\postgresql\asyncpg.py", line 1131, in do_terminate
    dbapi_connection.terminate()
    ~~~~~~~~~~~~~~~~~~~~~~~~~~^^
  File "C:\Users\user\Pictures\subscription-manager\venv\Lib\site-packages\sqlalchemy\connectors\asyncio.py", line 402, in terminate
    self.await_(asyncio.shield(self._terminate_graceful_close()))  # type: ignore[attr-defined] # noqa: E501
    ~~~~~~~~~~~^^^^^^^^^^^^^^^^^^^^^^^^^^^^^^^^^^^^^^^^^^^^^^^^^^
  File "C:\Users\user\Pictures\subscription-manager\venv\Lib\site-packages\sqlalchemy\util\_concurrency_py3k.py", line 132, in await_only
    return current.parent.switch(awaitable)  # type: ignore[no-any-return,attr-defined] # noqa: E501
           ~~~~~~~~~~~~~~~~~~~~~^^^^^^^^^^^
  File "C:\Users\user\Pictures\subscription-manager\venv\Lib\site-packages\sqlalchemy\util\_concurrency_py3k.py", line 196, in greenlet_spawn
    value = await result
            ^^^^^^^^^^^^
asyncio.exceptions.CancelledError: Cancelled via cancel scope 2dabf63c5f0 by <Task cancelling name='Task-26' coro=<RequestResponseCycle.run_asgi() running at C:\Users\user\Pictures\subscription-manager\venv\Lib\site-packages\uvicorn\protocols\http\httptools_impl.py:422> cb=[set.discard(), gather.<locals>._done_callback() at C:\Users\user\AppData\Local\Python\pythoncore-3.14-64\Lib\asyncio\tasks.py:810]>
2026-09-17 09:35:42,098 [sqlalchemy.pool.impl.AsyncAdaptedQueuePool] ERROR: Exception terminating connection <AdaptedConnection <asyncpg.connection.Connection object at 0x000002DABF6427B0>>
Traceback (most recent call last):
  File "C:\Users\user\Pictures\subscription-manager\venv\Lib\site-packages\sqlalchemy\pool\base.py", line 373, in _close_connection
    self._dialect.do_terminate(connection)
    ~~~~~~~~~~~~~~~~~~~~~~~~~~^^^^^^^^^^^^
  File "C:\Users\user\Pictures\subscription-manager\venv\Lib\site-packages\sqlalchemy\dialects\postgresql\asyncpg.py", line 1131, in do_terminate
    dbapi_connection.terminate()
    ~~~~~~~~~~~~~~~~~~~~~~~~~~^^
  File "C:\Users\user\Pictures\subscription-manager\venv\Lib\site-packages\sqlalchemy\connectors\asyncio.py", line 398, in terminate
    if in_greenlet():
       ~~~~~~~~~~~^^
  File "C:\Users\user\Pictures\subscription-manager\venv\Lib\site-packages\sqlalchemy\util\_concurrency_py3k.py", line 105, in in_greenlet
    current = getcurrent()
RuntimeError: greenlet is being finalized
2026-09-17 09:35:42,100 [sqlalchemy.pool.impl.AsyncAdaptedQueuePool] ERROR: The garbage collector is trying to clean up non-checked-in connection <AdaptedConnection <asyncpg.connection.Connection object at 0x000002DABF6427B0>>, which will be terminated.  Please ensure that SQLAlchemy pooled connections are returned to the pool explicitly, either by calling ``close()`` or by using appropriate context managers to manage their lifecycle.
2026-09-17 09:46:38,231 [apscheduler.scheduler] INFO: Adding job tentatively -- it will be properly scheduled when the scheduler starts
2026-09-17 09:46:38,233 [apscheduler.scheduler] INFO: Added job "schedule_wrapper" to job store "default"
2026-09-17 09:46:38,233 [apscheduler.scheduler] INFO: Scheduler started
2026-09-17 09:46:38,286 [main] INFO: GET /docs 200 0.000s
2026-09-17 09:46:38,954 [main] INFO: GET /openapi.json 200 0.475s
2026-09-17 09:46:40,035 [main] INFO: GET /dashboard 200 0.101s
2026-09-17 09:46:43,046 [main] INFO: GET /auth 200 0.002s
2026-09-17 09:46:49,991 [main] INFO: GET /admin 200 0.003s
2026-09-17 09:46:56,600 [main] INFO: GET /admin/users 200 0.003s
2026-09-17 09:50:08,250 [main] INFO: GET /admin 200 0.005s
2026-09-17 09:50:13,295 [main] INFO: GET /admin 200 0.003s
2026-09-17 09:50:13,333 [main] INFO: GET /static/css/dashboard.css 200 0.007s
2026-09-17 09:50:13,334 [main] INFO: GET /static/js/dashboard.js 200 0.007s
2026-09-17 09:50:13,335 [main] INFO: GET /static/bindin-icon-64.png 200 0.009s
2026-09-17 09:50:13,705 [main] INFO: GET /static/favicon.ico 200 0.006s
2026-09-17 09:50:15,357 [main] INFO: GET /admin 200 0.003s
2026-09-17 09:50:15,393 [main] INFO: GET /static/bindin-icon-64.png 200 0.004s
2026-09-17 09:50:15,393 [main] INFO: GET /static/js/dashboard.js 200 0.004s
2026-09-17 09:50:15,394 [main] INFO: GET /static/css/dashboard.css 200 0.006s
2026-09-17 09:50:15,745 [main] INFO: GET /static/favicon.ico 200 0.008s
2026-09-17 09:50:17,977 [main] INFO: GET /.well-known/appspecific/com.chrome.devtools.json 404 0.001s
2026-09-17 09:50:19,964 [main] INFO: GET /admin 200 0.003s
2026-09-17 09:50:20,035 [main] INFO: GET /static/js/dashboard.js 200 0.005s
2026-09-17 09:50:20,036 [main] INFO: GET /static/css/dashboard.css 200 0.006s
2026-09-17 09:50:20,038 [main] INFO: GET /static/bindin-icon-64.png 200 0.008s
2026-09-17 09:50:20,130 [main] INFO: GET /.well-known/appspecific/com.chrome.devtools.json 404 0.001s
2026-09-17 09:50:20,383 [main] INFO: GET /static/favicon.ico 200 0.005s
2026-09-17 09:51:14,696 [main] INFO: GET /admin 200 0.004s
2026-09-17 09:51:14,913 [main] INFO: GET /.well-known/appspecific/com.chrome.devtools.json 404 0.002s
2026-09-17 09:51:16,453 [main] INFO: GET /admin 200 0.004s
2026-09-17 09:51:16,712 [main] INFO: GET /.well-known/appspecific/com.chrome.devtools.json 404 0.001s
2026-09-17 09:51:27,982 [main] INFO: GET /admin 200 0.005s
2026-09-17 09:51:28,058 [main] INFO: GET /.well-known/appspecific/com.chrome.devtools.json 404 0.001s
2026-09-17 09:51:28,110 [main] INFO: GET /auth 200 0.002s
2026-09-17 09:51:28,207 [main] INFO: GET /.well-known/appspecific/com.chrome.devtools.json 404 0.001s
2026-09-17 09:51:38,131 [main] INFO: GET /admin/logs 200 0.002s
2026-09-17 09:51:42,324 [main] INFO: GET /admin/users 200 0.002s
2026-09-17 09:51:43,181 [main] INFO: GET /admin/applications 200 0.003s
2026-09-17 09:51:43,932 [main] INFO: GET /admin/transactions 200 0.002s
2026-09-17 09:51:44,739 [main] INFO: GET /admin/cards 200 0.002s
2026-09-17 09:51:56,367 [main] INFO: GET /dashboard 200 0.003s
2026-09-17 09:52:00,388 [main] INFO: GET /dashboard/applications 200 0.002s
2026-09-17 09:52:06,916 [main] INFO: GET /.well-known/appspecific/com.chrome.devtools.json 404 0.001s
2026-09-17 09:52:09,050 [main] INFO: GET /dashboard 200 0.003s
2026-09-17 09:52:09,189 [main] INFO: GET /.well-known/appspecific/com.chrome.devtools.json 404 0.001s
2026-09-17 09:53:06,433 [apscheduler.scheduler] INFO: Scheduler has been shut down
2026-09-17 09:53:09,758 [apscheduler.scheduler] INFO: Adding job tentatively -- it will be properly scheduled when the scheduler starts
2026-09-17 09:53:09,759 [apscheduler.scheduler] INFO: Added job "schedule_wrapper" to job store "default"
2026-09-17 09:53:09,759 [apscheduler.scheduler] INFO: Scheduler started
2026-09-17 09:53:10,134 [main] INFO: GET /admin 200 0.168s
2026-09-17 09:53:12,048 [apscheduler.scheduler] INFO: Scheduler has been shut down
2026-09-17 09:53:47,035 [apscheduler.scheduler] INFO: Adding job tentatively -- it will be properly scheduled when the scheduler starts
2026-09-17 09:53:47,037 [apscheduler.scheduler] INFO: Added job "schedule_wrapper" to job store "default"
2026-09-17 09:53:47,037 [apscheduler.scheduler] INFO: Scheduler started
2026-09-17 09:53:47,439 [main] INFO: GET /admin 200 0.208s
2026-09-17 09:53:48,856 [main] INFO: GET /admin 200 0.004s
2026-09-17 09:53:48,902 [main] INFO: GET /static/js/dashboard.js 200 0.003s
2026-09-17 09:53:48,904 [main] INFO: GET /static/css/dashboard.css 200 0.007s
2026-09-17 09:53:48,909 [main] INFO: GET /static/bindin-icon-64.png 200 0.011s
2026-09-17 09:53:49,311 [main] INFO: GET /static/favicon.ico 200 0.006s
2026-09-17 09:54:48,749 [apscheduler.scheduler] INFO: Adding job tentatively -- it will be properly scheduled when the scheduler starts
2026-09-17 09:54:48,751 [apscheduler.scheduler] INFO: Added job "schedule_wrapper" to job store "default"
2026-09-17 09:54:48,751 [apscheduler.scheduler] INFO: Scheduler started
2026-09-17 09:54:49,012 [main] INFO: GET /admin 200 0.170s
2026-09-17 09:55:02,230 [apscheduler.scheduler] INFO: Scheduler has been shut down
2026-09-17 09:55:27,405 [apscheduler.scheduler] INFO: Adding job tentatively -- it will be properly scheduled when the scheduler starts
2026-09-17 09:55:27,406 [apscheduler.scheduler] INFO: Added job "schedule_wrapper" to job store "default"
2026-09-17 09:55:27,407 [apscheduler.scheduler] INFO: Scheduler started
2026-09-17 09:55:27,581 [main] INFO: GET /admin 200 0.156s
2026-09-17 09:55:29,831 [main] INFO: GET /.well-known/appspecific/com.chrome.devtools.json 404 0.002s
2026-09-17 09:55:31,629 [main] INFO: GET /admin 200 0.007s
2026-09-17 09:55:31,857 [main] INFO: GET /.well-known/appspecific/com.chrome.devtools.json 404 0.001s
2026-09-17 10:01:16,746 [apscheduler.scheduler] INFO: Adding job tentatively -- it will be properly scheduled when the scheduler starts
2026-09-17 10:01:16,749 [apscheduler.scheduler] INFO: Added job "schedule_wrapper" to job store "default"
2026-09-17 10:01:16,749 [apscheduler.scheduler] INFO: Scheduler started
2026-09-17 10:01:17,245 [main] INFO: GET / 200 0.211s
2026-09-17 10:01:17,285 [main] INFO: GET /static/bindin-icon-64.png 200 0.003s
2026-09-17 10:01:23,386 [main] INFO: GET /admin 200 0.006s
2026-09-17 10:01:23,448 [main] INFO: GET /static/css/dashboard.css 200 0.003s
2026-09-17 10:01:23,450 [main] INFO: GET /static/js/dashboard.js 200 0.004s
2026-09-17 10:02:14,390 [main] INFO: GET /admin 200 0.005s
2026-09-17 10:02:17,916 [main] INFO: GET /static/favicon.ico 200 0.002s
2026-09-17 10:03:48,717 [main] INFO: GET /admin 200 0.003s
2026-09-17 10:05:04,287 [main] INFO: GET /admin 200 0.006s
2026-09-17 10:05:04,338 [main] INFO: GET /static/css/dashboard.css 200 0.008s
2026-09-17 10:05:04,340 [main] INFO: GET /static/bindin-icon-64.png 200 0.006s
2026-09-17 10:05:04,341 [main] INFO: GET /static/js/dashboard.js 200 0.005s
2026-09-17 10:05:06,763 [main] INFO: GET /.well-known/appspecific/com.chrome.devtools.json 404 0.001s
2026-09-17 10:05:08,887 [main] INFO: GET /static/favicon.ico 200 0.002s
2026-09-17 10:05:09,342 [main] INFO: GET /admin 200 0.002s
2026-09-17 10:05:09,619 [main] INFO: GET /.well-known/appspecific/com.chrome.devtools.json 404 0.004s
2026-09-17 10:06:05,765 [main] INFO: GET /api/v1/client 404 0.001s
2026-09-17 10:06:05,873 [main] INFO: GET /favicon.ico 404 0.001s
2026-09-17 10:06:09,441 [main] INFO: GET / 200 0.010s
2026-09-17 10:06:09,626 [main] INFO: GET /docs 200 0.005s
2026-09-17 10:06:10,357 [main] INFO: GET /docs 200 0.000s
2026-09-17 10:06:11,057 [main] INFO: GET /openapi.json 200 0.332s
2026-09-17 10:06:27,541 [passlib.handlers.bcrypt] WARNING: (trapped) error reading bcrypt version
Traceback (most recent call last):
  File "C:\Users\user\Pictures\subscription-manager\venv\Lib\site-packages\passlib\handlers\bcrypt.py", line 620, in _load_backend_mixin
    version = _bcrypt.__about__.__version__
              ^^^^^^^^^^^^^^^^^
AttributeError: module 'bcrypt' has no attribute '__about__'
2026-09-17 10:06:34,691 [main] INFO: GET /.well-known/appspecific/com.chrome.devtools.json 404 0.002s
2026-09-17 10:07:44,818 [apscheduler.scheduler] INFO: Scheduler has been shut down
2026-09-17 10:08:25,845 [apscheduler.scheduler] INFO: Adding job tentatively -- it will be properly scheduled when the scheduler starts
2026-09-17 10:08:25,847 [apscheduler.scheduler] INFO: Added job "schedule_wrapper" to job store "default"
2026-09-17 10:08:25,847 [apscheduler.scheduler] INFO: Scheduler started
2026-09-17 10:08:26,197 [main] INFO: GET /admin 200 0.184s
2026-09-17 10:08:26,354 [main] INFO: GET /.well-known/appspecific/com.chrome.devtools.json 404 0.002s
2026-09-17 10:08:29,793 [main] INFO: GET /auth 200 0.002s
2026-09-17 10:08:37,801 [passlib.handlers.bcrypt] WARNING: (trapped) error reading bcrypt version
Traceback (most recent call last):
  File "C:\Users\user\Pictures\subscription-manager\venv\Lib\site-packages\passlib\handlers\bcrypt.py", line 620, in _load_backend_mixin
    version = _bcrypt.__about__.__version__
              ^^^^^^^^^^^^^^^^^
AttributeError: module 'bcrypt' has no attribute '__about__'
2026-09-17 10:11:33,163 [apscheduler.scheduler] INFO: Adding job tentatively -- it will be properly scheduled when the scheduler starts
2026-09-17 10:11:33,164 [apscheduler.scheduler] INFO: Added job "schedule_wrapper" to job store "default"
2026-09-17 10:11:33,165 [apscheduler.scheduler] INFO: Scheduler started
2026-09-17 10:11:33,497 [main] INFO: GET /auth 200 0.175s
2026-09-17 10:11:33,556 [main] INFO: GET /auth 200 0.003s
2026-09-17 10:11:33,581 [main] INFO: GET /static/favicon.ico 200 0.016s
2026-09-17 10:11:33,634 [main] INFO: GET /static/bindin-icon-64.png 200 0.002s
2026-09-17 10:11:34,042 [main] INFO: GET /static/favicon.ico 200 0.002s
2026-09-17 10:11:41,771 [passlib.handlers.bcrypt] WARNING: (trapped) error reading bcrypt version
Traceback (most recent call last):
  File "C:\Users\user\Pictures\subscription-manager\venv\Lib\site-packages\passlib\handlers\bcrypt.py", line 620, in _load_backend_mixin
    version = _bcrypt.__about__.__version__
              ^^^^^^^^^^^^^^^^^
AttributeError: module 'bcrypt' has no attribute '__about__'
2026-09-17 10:11:42,711 [main] INFO: POST /api/auth/login 200 5.460s
2026-09-17 10:11:42,785 [main] INFO: GET /static/css/dashboard.css 304 0.003s
2026-09-17 10:11:42,786 [main] INFO: GET /static/js/dashboard.js 200 0.004s
2026-09-17 10:11:47,839 [main] INFO: GET /api/admin/stats 200 5.019s
2026-09-17 10:11:49,681 [main] INFO: POST /api/auth/login 200 1.090s
2026-09-17 10:11:53,119 [main] INFO: GET /admin/users 200 0.003s
2026-09-17 10:11:55,053 [main] INFO: GET /api/admin/users 200 1.893s
2026-09-17 10:12:00,055 [main] INFO: GET /admin/applications 200 0.002s
2026-09-17 10:12:02,966 [main] INFO: GET /api/admin/applications 200 2.884s
2026-09-17 10:12:05,927 [main] INFO: GET /admin/transactions 200 0.002s
2026-09-17 10:12:08,218 [main] INFO: GET /api/admin/transactions 200 2.256s
2026-09-17 10:12:22,447 [main] INFO: GET /admin/cards 200 0.003s
2026-09-17 10:12:22,472 [main] INFO: GET /static/js/dashboard.js 304 0.003s
2026-09-17 10:12:24,554 [main] INFO: GET /api/admin/cards 200 2.063s
2026-09-17 10:12:28,974 [main] INFO: GET /admin/logs 200 0.002s
2026-09-17 10:12:30,872 [main] INFO: GET /api/admin/payment-attempts 200 1.864s
2026-09-17 10:12:33,964 [main] INFO: GET /api/admin/audit-log 200 1.871s
2026-09-17 10:12:36,438 [main] INFO: GET /api/admin/sessions 200 2.057s
2026-09-17 10:12:40,719 [main] INFO: GET /api/admin/payment-attempts 200 1.490s
2026-09-17 10:12:43,952 [main] INFO: GET /api/admin/stats 200 2.789s
2026-09-17 10:12:57,146 [main] INFO: GET /api/admin/users 200 1.491s
2026-09-17 10:13:15,827 [main] INFO: PATCH /api/admin/users/4/role 200 2.988s
2026-09-17 10:13:17,325 [main] INFO: GET /api/admin/users 200 1.487s
2026-09-17 10:13:23,232 [main] INFO: PATCH /api/admin/users/4/role 200 2.402s
2026-09-17 10:13:24,728 [main] INFO: GET /api/admin/users 200 1.487s
2026-09-17 10:13:26,381 [main] INFO: GET /static/js/dashboard.js 304 0.002s
2026-09-17 10:13:29,218 [main] INFO: GET /api/admin/stats 200 2.787s
2026-09-17 10:13:34,663 [main] INFO: GET / 200 0.002s
2026-09-17 10:13:36,014 [main] INFO: GET /auth 200 0.002s
2026-09-17 10:13:41,317 [main] INFO: POST /api/auth/login 200 1.091s
2026-09-17 10:13:41,344 [main] INFO: GET /dashboard 200 0.004s
2026-09-17 10:13:42,741 [main] INFO: GET /api/auth/me_service 200 1.297s
2026-09-17 10:13:47,453 [main] INFO: GET /api/transaction/ 200 4.700s
2026-09-17 10:13:48,179 [main] INFO: GET /api/application/ 200 5.432s
2026-09-17 10:13:52,814 [main] INFO: GET /dashboard/applications 200 0.002s
2026-09-17 10:13:55,448 [main] INFO: GET /api/application/ 200 2.254s
2026-09-17 10:13:58,190 [main] INFO: GET /dashboard/transactions 200 0.002s
2026-09-17 10:14:00,079 [main] INFO: GET /api/application/ 200 1.854s
2026-09-17 10:14:01,000 [main] INFO: GET /api/transaction/ 200 2.745s
2026-09-17 10:14:05,377 [main] INFO: GET /api/transaction/ 200 1.885s
2026-09-17 10:14:09,516 [main] INFO: GET /api/transaction/ 200 2.824s
2026-09-17 10:14:11,167 [main] INFO: GET /developer 200 0.003s
2026-09-17 10:14:11,194 [main] INFO: GET /static/js/dashboard.js 304 0.002s
2026-09-17 10:14:13,079 [main] INFO: GET /api/developer/keys 200 1.857s
2026-09-17 10:14:20,235 [main] INFO: GET /docs 200 0.001s
2026-09-17 10:14:20,925 [main] INFO: GET /openapi.json 200 0.302s
2026-09-17 10:14:26,371 [main] INFO: GET /docs 200 0.001s
2026-09-17 10:14:26,556 [main] INFO: GET /openapi.json 200 0.003s
2026-09-17 10:15:18,041 [main] INFO: GET /static/js/dashboard.js 304 0.005s
2026-09-17 10:15:19,981 [main] INFO: GET /api/transaction/ 200 1.898s
2026-09-17 10:15:20,176 [main] INFO: GET /api/application/ 200 2.096s
2026-09-17 10:15:37,397 [main] INFO: POST /api/card/charge 400 8.633s
2026-09-17 10:15:44,540 [main] INFO: GET /api/application/ 200 2.718s
2026-09-17 10:15:54,350 [main] INFO: GET /api/auth/me_service 200 1.322s
2026-09-17 10:15:56,449 [main] INFO: GET /api/application/ 200 2.090s
2026-09-17 10:15:56,644 [main] INFO: GET /api/transaction/ 200 2.281s
2026-09-17 10:22:35,419 [main] INFO: GET /dashboard/applications 200 0.003s
2026-09-17 10:22:35,452 [main] INFO: GET /static/css/dashboard.css 304 0.002s
2026-09-17 10:22:35,458 [main] INFO: GET /static/js/dashboard.js 304 0.002s
2026-09-17 10:22:37,370 [main] INFO: GET /api/application/ 200 1.903s
2026-09-17 10:22:38,603 [main] INFO: GET /dashboard 200 0.002s
2026-09-17 10:22:40,603 [main] INFO: GET /api/auth/me_service 200 1.961s
2026-09-17 10:22:42,693 [main] INFO: GET /api/application/ 200 2.084s
2026-09-17 10:22:42,905 [main] INFO: GET /api/transaction/ 200 2.294s
2026-09-17 10:22:53,108 [main] INFO: GET /api/application/ 200 1.966s
2026-09-17 10:23:06,828 [main] INFO: GET /dashboard/transactions 200 0.002s
2026-09-17 10:23:08,984 [main] INFO: GET /api/application/ 200 2.105s
2026-09-17 10:23:08,989 [main] INFO: GET /api/transaction/ 200 2.093s
2026-09-17 10:23:09,435 [main] INFO: GET /developer 200 0.002s
2026-09-17 10:23:10,996 [main] INFO: GET /api/developer/keys 200 1.528s
2026-09-17 10:23:34,868 [main] INFO: GET / 200 0.002s
2026-09-17 10:23:36,540 [main] INFO: GET /auth 200 0.002s
2026-09-17 10:23:45,095 [main] INFO: POST /api/auth/login 200 1.115s
2026-09-17 10:23:45,122 [main] INFO: GET /admin 200 0.005s
2026-09-17 10:23:49,837 [main] INFO: GET /api/admin/stats 200 4.667s
2026-09-17 10:23:50,347 [main] INFO: GET /admin/cards 200 0.002s
2026-09-17 10:23:52,505 [main] INFO: GET /api/admin/cards 200 2.124s
2026-09-17 10:24:02,299 [main] INFO: GET /admin/transactions 200 0.002s
2026-09-17 10:24:04,424 [main] INFO: GET /api/admin/transactions 200 2.088s
2026-09-17 10:24:51,338 [main] INFO: GET /api/admin/transactions 200 2.681s
2026-09-17 10:24:55,560 [main] INFO: GET /static/js/dashboard.js 304 0.004s
2026-09-17 10:24:57,312 [main] INFO: GET /api/admin/cards 200 1.725s
2026-09-17 10:24:58,027 [main] INFO: GET /admin/logs 200 0.002s
2026-09-17 10:24:59,583 [main] INFO: GET /api/admin/payment-attempts 200 1.516s
2026-09-17 10:25:02,125 [main] INFO: GET /api/admin/audit-log 200 1.932s
2026-09-17 10:25:05,013 [main] INFO: GET /api/admin/sessions 200 2.332s
2026-09-17 10:25:07,154 [main] INFO: GET /admin/users 200 0.002s
2026-09-17 10:25:08,721 [main] INFO: GET /api/admin/users 200 1.534s
2026-09-17 10:25:12,216 [main] INFO: GET /api/admin/stats 200 2.879s
2026-09-17 10:25:14,763 [main] INFO: GET /api/admin/users 200 1.924s
2026-09-17 10:25:24,287 [main] INFO: GET /api/admin/stats 200 2.862s
2026-09-17 10:25:29,163 [main] INFO: GET /auth 200 0.002s
2026-09-17 10:25:36,047 [main] INFO: POST /api/auth/login 200 1.495s
2026-09-17 10:25:37,434 [main] INFO: GET /api/auth/me_service 200 1.330s
2026-09-17 10:25:39,538 [main] INFO: GET /api/application/ 200 2.098s
2026-09-17 10:25:39,539 [main] INFO: GET /api/transaction/ 200 2.097s
2026-09-17 10:25:47,670 [main] INFO: GET /api/application/ 200 1.920s
2026-09-17 10:25:50,355 [main] INFO: GET /api/application/ 200 1.890s
2026-09-17 10:25:50,740 [main] INFO: GET /api/transaction/ 200 2.272s
2026-09-17 10:27:35,546 [main] INFO: GET /static/js/dashboard.js 304 0.002s
2026-09-17 10:27:37,519 [main] INFO: GET /api/application/ 200 1.934s
2026-09-17 10:27:46,775 [main] INFO: GET /api/auth/me_service 200 1.752s
2026-09-17 10:27:49,047 [main] INFO: GET /api/application/ 200 2.227s
2026-09-17 10:27:49,841 [main] INFO: GET /api/transaction/ 200 3.018s
2026-09-17 10:27:52,995 [main] INFO: GET /api/developer/keys 200 2.571s
2026-09-17 10:27:56,541 [main] INFO: GET /api/application/ 200 2.533s
2026-09-17 10:27:57,669 [main] INFO: GET /api/transaction/ 200 3.658s
2026-09-17 10:29:50,914 [main] INFO: GET /dashboard/applications 200 0.002s
2026-09-17 10:29:50,946 [main] INFO: GET /static/css/dashboard.css 304 0.003s
2026-09-17 10:29:50,958 [main] INFO: GET /static/js/dashboard.js 304 0.004s
2026-09-17 10:29:53,691 [main] INFO: GET /api/application/ 200 2.718s
2026-09-17 10:29:54,216 [main] INFO: GET /dashboard 200 0.002s
2026-09-17 10:29:56,262 [main] INFO: GET /api/auth/me_service 200 1.998s
2026-09-17 10:29:59,108 [main] INFO: GET /api/application/ 200 2.836s
2026-09-17 10:29:59,716 [main] INFO: GET /api/transaction/ 200 3.440s
2026-09-17 10:30:45,744 [main] INFO: GET /info 200 0.002s
2026-09-17 10:32:38,167 [main] INFO: GET /auth 200 0.003s
2026-09-17 10:33:02,766 [main] INFO: POST /api/auth/register 422 0.006s
2026-09-17 10:33:08,657 [main] INFO: POST /api/auth/register 422 0.002s
2026-09-17 10:33:36,538 [main] INFO: POST /api/auth/register 201 2.240s
2026-09-17 10:33:39,051 [main] INFO: POST /api/auth/login 200 1.110s
2026-09-17 10:33:39,109 [main] INFO: GET /static/js/dashboard.js 304 0.002s
2026-09-17 10:33:40,942 [main] INFO: GET /api/auth/me 200 1.821s
2026-09-17 10:33:43,048 [main] INFO: GET /api/application/ 200 2.096s
2026-09-17 10:33:43,516 [main] INFO: GET /api/card/ 200 2.561s
2026-09-17 10:33:45,336 [main] INFO: GET /api/transaction/ 200 4.375s
2026-09-17 10:33:46,791 [main] INFO: GET /dashboard/cards 200 0.002s
2026-09-17 10:33:48,359 [main] INFO: GET /api/card/ 200 1.531s
2026-09-17 10:33:52,627 [main] INFO: POST /api/card/bind 200 3.278s
2026-09-17 10:33:57,304 [main] INFO: GET /api/application/ 200 1.880s
2026-09-17 10:33:58,175 [main] INFO: GET /dashboard/transactions 200 0.002s
2026-09-17 10:33:59,737 [main] INFO: GET /api/transaction/ 200 1.527s
2026-09-17 10:34:01,689 [main] INFO: GET /api/auth/me 200 1.314s
2026-09-17 10:34:03,206 [main] INFO: GET /api/card/ 200 1.505s
2026-09-17 10:34:03,392 [main] INFO: GET /api/application/ 200 1.696s
2026-09-17 10:34:04,353 [main] INFO: GET /api/transaction/ 200 2.655s
2026-09-17 10:34:42,291 [main] INFO: GET /api/application/ 200 1.537s
2026-09-17 10:34:46,616 [main] INFO: GET /api/transaction/ 200 1.523s
2026-09-17 10:34:48,461 [main] INFO: GET /api/auth/me 200 1.339s
2026-09-17 10:34:49,977 [main] INFO: GET /api/application/ 200 1.508s
2026-09-17 10:34:50,163 [main] INFO: GET /api/transaction/ 200 1.690s
2026-09-17 10:34:50,733 [main] INFO: GET /api/card/ 200 2.256s
2026-09-17 10:34:51,358 [main] INFO: GET / 200 0.002s
2026-09-17 10:42:09,422 [apscheduler.scheduler] INFO: Scheduler has been shut down
2026-09-17 10:54:44,599 [apscheduler.scheduler] INFO: Adding job tentatively -- it will be properly scheduled when the scheduler starts
2026-09-17 10:54:44,601 [apscheduler.scheduler] INFO: Added job "schedule_wrapper" to job store "default"
2026-09-17 10:54:44,601 [apscheduler.scheduler] INFO: Scheduler started
2026-09-17 10:55:01,977 [apscheduler.scheduler] INFO: Scheduler has been shut down
2026-09-17 10:56:10,529 [apscheduler.scheduler] INFO: Adding job tentatively -- it will be properly scheduled when the scheduler starts
2026-09-17 10:56:10,531 [apscheduler.scheduler] INFO: Added job "schedule_wrapper" to job store "default"
2026-09-17 10:56:10,531 [apscheduler.scheduler] INFO: Scheduler started
2026-09-17 11:23:29,972 [apscheduler.scheduler] INFO: Adding job tentatively -- it will be properly scheduled when the scheduler starts
2026-09-17 11:23:29,974 [apscheduler.scheduler] INFO: Added job "schedule_wrapper" to job store "default"
2026-09-17 11:23:29,974 [apscheduler.scheduler] INFO: Scheduler started
2026-09-17 11:23:30,552 [main] INFO: GET /health 200 0.151s
2026-09-17 11:23:41,089 [passlib.handlers.bcrypt] WARNING: (trapped) error reading bcrypt version
Traceback (most recent call last):
  File "C:\Users\user\AppData\Local\Temp\bindin_venv\Lib\site-packages\passlib\handlers\bcrypt.py", line 620, in _load_backend_mixin
    version = _bcrypt.__about__.__version__
              ^^^^^^^^^^^^^^^^^
AttributeError: module 'bcrypt' has no attribute '__about__'
2026-09-17 11:23:41,516 [main] INFO: POST /api/auth/register 201 0.547s
2026-09-17 11:23:41,583 [main] INFO: POST /api/auth/register 422 0.002s
2026-09-17 11:23:42,013 [main] INFO: POST /api/auth/register 201 0.368s
2026-09-17 11:23:42,485 [main] INFO: POST /api/auth/login 200 0.373s
2026-09-17 11:24:05,485 [main] INFO: POST /api/auth/login 200 0.370s
2026-09-17 11:24:05,973 [main] INFO: POST /api/auth/login 200 0.366s
2026-09-17 11:24:06,211 [main] INFO: PATCH /api/admin/users/1 200 0.078s
2026-09-17 11:24:06,359 [main] INFO: POST /api/application/ 201 0.081s
2026-09-17 11:24:06,791 [main] INFO: POST /api/application/link/1 200 0.046s
2026-09-17 11:24:53,682 [main] INFO: POST /api/developer/payouts 400 0.034s
2026-09-17 11:24:53,776 [main] INFO: POST /api/developer/payouts 400 0.027s
2026-09-17 11:24:53,901 [main] INFO: POST /api/developer/payouts 201 0.058s
2026-09-17 11:24:54,327 [main] INFO: POST /api/developer/payouts 400 0.029s
2026-09-17 11:25:10,167 [main] INFO: PATCH /api/admin/payouts/1/pay 200 0.108s
2026-09-17 11:25:10,269 [main] INFO: GET /api/auth/me_service 200 0.032s
2026-09-17 11:25:10,370 [main] INFO: POST /api/developer/payouts 400 0.032s
2026-09-17 11:25:10,463 [main] INFO: PATCH /api/admin/payouts/1/pay 400 0.025s
2026-09-17 11:25:23,382 [main] INFO: POST /api/application/ 201 0.052s
2026-09-17 11:25:23,830 [main] INFO: POST /api/application/link/2 200 0.047s
2026-09-17 11:25:23,949 [main] INFO: POST /api/application/stop/2 200 0.053s
2026-09-17 11:25:24,037 [main] INFO: POST /api/application/stop/2 404 0.026s
2026-09-17 11:25:24,126 [main] INFO: POST /api/application/unlink/99999 404 0.026s
2026-09-17 11:25:34,474 [main] INFO: POST /api/developer/payouts 400 0.029s
2026-09-17 11:25:34,561 [main] INFO: PATCH /api/admin/payouts/2/reject 404 0.026s
2026-09-17 11:25:34,657 [main] INFO: GET /api/admin/payouts 200 0.036s
2026-09-17 11:25:50,950 [main] INFO: POST /api/developer/payouts 400 0.038s
2026-09-17 11:26:13,538 [main] INFO: POST /api/auth/register 201 0.355s
2026-09-17 11:26:14,174 [main] INFO: POST /api/auth/login 200 0.368s
2026-09-17 11:26:14,347 [main] INFO: POST /api/developer/payouts 201 0.050s
2026-09-17 11:26:14,737 [main] INFO: PATCH /api/admin/payouts/2/reject 422 0.001s
2026-09-17 11:26:14,825 [main] INFO: GET /api/auth/me_service 200 0.026s
2026-09-17 11:26:24,328 [main] INFO: PATCH /api/admin/payouts/2/reject 200 0.071s
2026-09-17 11:27:01,475 [main] INFO: GET / 200 0.189s
2026-09-17 11:27:01,507 [main] INFO: GET /static/bindin-icon-64.png 200 0.007s
2026-09-17 11:27:01,886 [main] INFO: GET /static/bindin-icon-32.png 200 0.034s
2026-09-17 11:27:09,402 [main] INFO: GET /auth 200 0.003s
2026-09-17 11:27:09,509 [main] INFO: GET /favicon.ico 404 0.002s
2026-09-17 11:27:13,650 [main] INFO: POST /api/auth/login 401 0.005s
2026-09-17 11:27:15,085 [main] INFO: POST /api/auth/login 401 0.005s
2026-09-17 11:27:36,351 [main] INFO: POST /api/auth/login 200 0.378s
2026-09-17 11:27:36,370 [main] INFO: GET /dashboard 200 0.005s
2026-09-17 11:27:36,423 [main] INFO: GET /static/css/dashboard.css 200 0.003s
2026-09-17 11:27:36,424 [main] INFO: GET /static/js/dashboard.js 200 0.003s
2026-09-17 11:27:36,493 [main] INFO: GET /favicon.ico 404 0.001s
2026-09-17 11:27:36,494 [main] INFO: GET /api/auth/me_service 200 0.030s
2026-09-17 11:27:36,561 [main] INFO: GET /api/application/ 200 0.045s
2026-09-17 11:27:36,593 [main] INFO: GET /api/transaction/ 200 0.074s
2026-09-17 11:27:45,440 [main] INFO: GET /dashboard/payouts 200 0.003s
2026-09-17 11:27:45,490 [main] INFO: GET /favicon.ico 404 0.002s
2026-09-17 11:27:45,496 [main] INFO: GET /api/auth/me_service 200 0.031s
2026-09-17 11:27:45,523 [main] INFO: GET /api/developer/payouts 200 0.056s
2026-09-17 11:28:01,652 [main] INFO: GET /dashboard/applications 200 0.003s
2026-09-17 11:28:01,799 [main] INFO: GET /api/application/ 200 0.041s
2026-09-17 11:28:01,823 [main] INFO: GET /favicon.ico 404 0.001s
2026-09-17 11:28:14,787 [main] INFO: GET /api-docs 200 0.002s
2026-09-17 11:28:14,966 [main] INFO: GET /favicon.ico 404 0.001s
2026-09-17 11:28:35,712 [main] INFO: GET /auth 200 0.002s
2026-09-17 11:28:35,810 [main] INFO: GET /favicon.ico 404 0.002s
2026-09-17 11:28:46,140 [main] INFO: GET /favicon.ico 404 0.001s
2026-09-17 11:29:30,407 [main] INFO: POST /api/auth/register 422 0.015s
2026-09-17 11:29:48,225 [main] INFO: POST /api/auth/register 422 0.002s
2026-09-17 11:31:29,755 [apscheduler.scheduler] INFO: Adding job tentatively -- it will be properly scheduled when the scheduler starts
2026-09-17 11:31:29,757 [apscheduler.scheduler] INFO: Added job "schedule_wrapper" to job store "default"
2026-09-17 11:31:29,757 [apscheduler.scheduler] INFO: Scheduler started
2026-09-17 11:31:35,852 [main] INFO: GET / 200 0.204s
2026-09-17 11:31:41,335 [main] INFO: GET /printables 200 0.004s
2026-09-17 11:31:41,361 [main] INFO: GET /static/css/dashboard.css 304 0.003s
2026-09-17 11:31:41,363 [main] INFO: GET /static/js/dashboard.js 200 0.004s
2026-09-17 11:31:41,384 [main] INFO: GET /auth 200 0.003s
2026-09-17 11:32:34,540 [passlib.handlers.bcrypt] WARNING: (trapped) error reading bcrypt version
Traceback (most recent call last):
  File "C:\Users\user\Pictures\subscription-manager\venv\Lib\site-packages\passlib\handlers\bcrypt.py", line 620, in _load_backend_mixin
    version = _bcrypt.__about__.__version__
              ^^^^^^^^^^^^^^^^^
AttributeError: module 'bcrypt' has no attribute '__about__'
2026-09-17 11:32:35,464 [main] INFO: POST /api/auth/login 200 5.460s
2026-09-17 11:32:35,495 [main] INFO: GET /admin 200 0.007s
2026-09-17 11:32:40,511 [main] INFO: GET /api/admin/stats 200 4.971s
2026-09-17 11:32:46,474 [main] INFO: GET /api/admin/transactions 200 3.157s
2026-09-17 11:34:11,840 [main] INFO: GET /admin/transactions 200 0.002s
2026-09-17 11:34:13,898 [main] INFO: GET /api/admin/transactions 200 2.025s
2026-09-17 11:34:20,246 [main] INFO: GET /admin/cards 200 0.002s
2026-09-17 11:34:22,510 [main] INFO: GET /api/admin/cards 200 2.220s
2026-09-17 11:34:24,830 [main] INFO: GET /admin/logs 200 0.002s
2026-09-17 11:34:26,734 [main] INFO: GET /api/admin/payment-attempts 200 1.868s
2026-09-17 11:34:29,667 [main] INFO: GET /api/admin/sessions 200 2.215s
2026-09-17 11:34:35,037 [main] INFO: POST /api/admin/sessions/1/revoke 200 2.777s
2026-09-17 11:34:36,703 [main] INFO: GET /api/admin/sessions 200 1.655s
2026-09-17 11:34:43,756 [main] INFO: POST /api/admin/sessions/2/revoke 200 2.204s
2026-09-17 11:34:45,410 [main] INFO: GET /api/admin/sessions 200 1.646s
2026-09-17 11:34:46,951 [main] INFO: GET /admin/applications 200 0.003s
2026-09-17 11:34:49,214 [main] INFO: GET /api/admin/applications 200 2.229s
2026-09-17 11:34:49,806 [main] INFO: GET /admin/users 200 0.002s
2026-09-17 11:34:51,686 [main] INFO: GET /api/admin/users 200 1.849s
2026-09-17 11:34:56,446 [main] INFO: GET /api/admin/users 200 1.850s
2026-09-17 11:35:02,820 [main] INFO: GET /api/admin/users 200 1.457s
2026-09-17 11:35:10,985 [main] INFO: GET /api/admin/users 200 1.461s
2026-09-17 11:35:20,286 [main] INFO: GET /api/admin/applications 200 1.838s
2026-09-17 11:35:27,842 [main] INFO: GET /api/admin/transactions 200 2.036s
2026-09-17 11:35:31,024 [main] INFO: GET /api/admin/cards 200 1.674s
2026-09-17 11:35:31,933 [main] INFO: GET /admin/payouts 200 0.002s
2026-09-17 11:35:31,967 [main] INFO: GET /static/js/dashboard.js 304 0.002s
2026-09-17 11:35:33,817 [main] INFO: GET /api/admin/payouts 200 1.840s
2026-09-17 11:35:40,487 [main] INFO: GET /admin 200 0.002s
2026-09-17 11:35:43,254 [main] INFO: GET /api/admin/stats 200 2.731s
2026-09-17 11:35:46,374 [main] INFO: GET /printables 200 0.002s
2026-09-17 11:35:48,414 [main] INFO: GET /api/admin/transactions 200 2.007s
2026-09-17 11:35:51,788 [main] INFO: GET /api/admin/stats 200 2.726s
2026-09-17 11:35:53,813 [main] INFO: GET / 200 0.002s
2026-09-17 11:35:55,022 [main] INFO: GET /auth 200 0.002s
2026-09-17 11:36:02,035 [main] INFO: POST /api/auth/login 200 1.058s
2026-09-17 11:36:02,062 [main] INFO: GET /dashboard 200 0.004s
2026-09-17 11:36:03,561 [main] INFO: GET /api/auth/me_service 200 1.453s
2026-09-17 11:36:07,965 [main] INFO: GET /api/application/ 200 4.396s
2026-09-17 11:36:09,228 [main] INFO: GET /api/transaction/ 200 5.651s
2026-09-17 11:36:12,717 [main] INFO: GET /dashboard/applications 200 0.002s
2026-09-17 11:36:14,542 [main] INFO: GET /api/application/ 200 1.773s
2026-09-17 11:36:20,854 [main] INFO: GET /dashboard/transactions 200 0.003s
2026-09-17 11:36:22,651 [main] INFO: GET /api/application/ 200 1.761s
2026-09-17 11:36:22,938 [main] INFO: GET /api/transaction/ 200 2.043s
2026-09-17 11:36:23,437 [main] INFO: GET /developer 200 0.002s
2026-09-17 11:36:25,273 [main] INFO: GET /api/developer/keys 200 1.799s
2026-09-17 11:36:26,282 [main] INFO: GET /api-docs 200 0.003s
2026-09-17 11:37:08,390 [main] INFO: GET /dashboard/payouts 200 0.002s
2026-09-17 11:37:10,035 [main] INFO: GET /api/auth/me_service 200 1.577s
2026-09-17 11:37:10,237 [main] INFO: GET /api/developer/payouts 200 1.782s
2026-09-17 11:37:26,421 [main] INFO: POST /api/developer/payouts 400 1.446s
2026-09-17 11:37:31,857 [main] INFO: GET /api/auth/me_service 200 1.477s
2026-09-17 11:37:33,976 [main] INFO: GET /api/transaction/ 200 2.105s
2026-09-17 11:37:34,600 [main] INFO: GET /api/application/ 200 2.733s
2026-09-17 11:37:43,986 [main] INFO: GET /api/application/ 200 2.273s
2026-09-17 11:37:44,638 [main] INFO: GET /api/transaction/ 200 2.923s
2026-09-17 14:29:33,001 [apscheduler.scheduler] INFO: Adding job tentatively -- it will be properly scheduled when the scheduler starts
2026-09-17 14:29:33,003 [apscheduler.scheduler] INFO: Added job "schedule_wrapper" to job store "default"
2026-09-17 14:29:33,003 [apscheduler.scheduler] INFO: Scheduler started
2026-09-17 14:29:33,778 [main] INFO: GET /health 200 0.135s
2026-09-17 14:29:47,625 [passlib.handlers.bcrypt] WARNING: (trapped) error reading bcrypt version
Traceback (most recent call last):
  File "C:\Users\user\AppData\Local\Temp\bindin_venv\Lib\site-packages\passlib\handlers\bcrypt.py", line 620, in _load_backend_mixin
    version = _bcrypt.__about__.__version__
              ^^^^^^^^^^^^^^^^^
AttributeError: module 'bcrypt' has no attribute '__about__'
2026-09-17 14:29:48,026 [main] INFO: POST /api/auth/register 201 0.508s
2026-09-17 14:29:48,437 [main] INFO: POST /api/auth/register 201 0.354s
2026-09-17 14:29:49,035 [main] INFO: POST /api/auth/login 200 0.370s
2026-09-17 14:29:49,497 [main] INFO: POST /api/auth/login 200 0.361s
2026-09-17 14:29:49,658 [main] INFO: POST /api/application/ 201 0.074s
2026-09-17 14:29:50,082 [main] INFO: POST /api/application/link/1 200 0.089s
2026-09-17 14:29:50,166 [main] INFO: GET /api/application/detail/1 200 0.027s
2026-09-17 14:30:02,422 [main] INFO: POST /api/auth/login 200 0.361s
2026-09-17 14:30:02,521 [main] INFO: GET /api/admin/applications/1 200 0.029s
2026-09-17 14:30:02,606 [main] INFO: GET /api/admin/payment-attempts 200 0.029s
2026-09-17 14:30:16,819 [main] INFO: POST /api/auth/login 200 0.361s
2026-09-17 14:30:16,924 [main] INFO: POST /api/application/link/1 403 0.020s
2026-09-17 14:30:16,999 [main] INFO: POST /api/application/unlink/1 403 0.021s
2026-09-17 14:30:17,080 [main] INFO: GET /api/application/detail/1 200 0.026s
2026-09-17 14:30:28,230 [main] INFO: POST /api/auth/register 201 0.355s
2026-09-17 14:30:28,682 [main] INFO: POST /api/auth/login 200 0.363s
2026-09-17 14:30:28,779 [main] INFO: POST /api/application/link/1 400 0.024s
2026-09-17 14:30:40,507 [main] INFO: POST /api/auth/login 200 0.363s
2026-09-17 14:30:40,625 [main] INFO: POST /api/application/unlink/1 200 0.044s
2026-09-17 14:30:40,707 [main] INFO: GET /api/application/detail/1 200 0.027s
2026-09-17 14:30:52,966 [main] INFO: POST /api/auth/login 200 0.363s
2026-09-17 14:30:53,439 [main] INFO: POST /api/auth/login 200 0.362s
2026-09-17 14:30:53,568 [main] INFO: POST /api/application/ 201 0.045s
2026-09-17 14:30:53,986 [main] INFO: POST /api/application/link/2 200 0.082s
2026-09-17 15:06:15,616 [apscheduler.scheduler] INFO: Adding job tentatively -- it will be properly scheduled when the scheduler starts
2026-09-17 15:06:15,617 [apscheduler.scheduler] INFO: Added job "schedule_wrapper" to job store "default"
2026-09-17 15:06:15,617 [apscheduler.scheduler] INFO: Scheduler started
2026-09-17 15:06:16,070 [main] INFO: GET /health 200 0.142s
2026-09-17 15:06:29,185 [passlib.handlers.bcrypt] WARNING: (trapped) error reading bcrypt version
Traceback (most recent call last):
  File "C:\Users\user\AppData\Local\Temp\bindin_venv\Lib\site-packages\passlib\handlers\bcrypt.py", line 620, in _load_backend_mixin
    version = _bcrypt.__about__.__version__
              ^^^^^^^^^^^^^^^^^
AttributeError: module 'bcrypt' has no attribute '__about__'
2026-09-17 15:06:29,571 [main] INFO: POST /api/auth/register 201 0.453s
2026-09-17 15:06:30,012 [main] INFO: POST /api/auth/register 201 0.380s
2026-09-17 15:06:52,929 [main] INFO: POST /api/auth/login 200 0.365s
2026-09-17 15:07:13,083 [main] INFO: POST /api/auth/login 200 0.861s
2026-09-17 15:07:14,118 [main] INFO: POST /api/auth/login 200 0.821s
2026-09-17 15:07:14,334 [main] INFO: PATCH /api/auth/me 200 0.070s
2026-09-17 15:07:14,645 [main] INFO: PATCH /api/auth/me 422 0.076s
2026-09-17 15:07:14,959 [main] INFO: PATCH /api/auth/me 422 0.030s
2026-09-17 15:07:25,373 [main] INFO: POST /api/auth/login 200 0.467s
2026-09-17 15:07:25,892 [main] INFO: POST /api/auth/login 200 0.395s
2026-09-17 15:07:26,200 [main] INFO: POST /api/application/ 201 0.068s
2026-09-17 15:07:26,879 [main] INFO: POST /api/application/link/1 200 0.105s
2026-09-17 15:07:36,974 [main] INFO: POST /api/auth/register 201 0.384s
2026-09-17 15:07:46,774 [main] INFO: POST /api/auth/login 200 0.385s
2026-09-17 15:07:47,296 [main] INFO: POST /api/auth/login 200 0.388s
2026-09-17 15:07:47,418 [main] INFO: GET /api/admin/applications/1 200 0.037s
2026-09-17 15:07:47,550 [main] INFO: POST /api/application/1/charge 200 0.061s
2026-09-17 15:07:47,658 [main] INFO: GET /api/admin/applications/1 200 0.036s
2026-09-17 15:07:47,794 [main] INFO: POST /api/application/1/charge 200 0.062s
2026-09-17 15:07:47,902 [main] INFO: GET /api/admin/applications/1 200 0.034s
2026-09-17 15:07:59,950 [main] INFO: POST /api/auth/login 200 0.384s
2026-09-17 15:08:00,079 [main] INFO: POST /api/application/1/charge 400 0.026s
2026-09-17 15:08:00,817 [main] INFO: POST /api/auth/login 200 0.530s
2026-09-17 15:08:00,959 [main] INFO: POST /api/admin/run-billing-cycle 200 0.048s
2026-09-17 15:08:01,083 [main] INFO: PATCH /api/developer/webhook 200 0.049s
2026-09-17 15:08:12,215 [main] INFO: POST /api/auth/login 200 0.441s
2026-09-17 15:08:12,676 [main] INFO: POST /api/auth/login 200 0.356s
2026-09-17 15:08:13,262 [main] INFO: POST /api/auth/login 200 0.494s
2026-09-17 15:08:13,431 [main] INFO: POST /api/admin/notifications 201 0.066s
2026-09-17 15:08:13,565 [main] INFO: POST /api/admin/notifications 201 0.064s
2026-09-17 15:08:13,670 [main] INFO: GET /api/notifications/unread-count 200 0.033s
2026-09-17 15:08:13,777 [main] INFO: GET /api/notifications/unread-count 200 0.032s
2026-09-17 15:08:13,885 [main] INFO: GET /api/notifications/ 200 0.037s
2026-09-17 15:09:12,783 [apscheduler.scheduler] INFO: Adding job tentatively -- it will be properly scheduled when the scheduler starts
2026-09-17 15:09:12,786 [apscheduler.scheduler] INFO: Added job "schedule_wrapper" to job store "default"
2026-09-17 15:09:12,786 [apscheduler.scheduler] INFO: Scheduler started
2026-09-17 15:09:13,166 [main] INFO: GET /health 200 0.139s
2026-09-17 15:09:24,904 [main] INFO: POST /api/auth/register 422 0.004s
2026-09-17 15:09:24,980 [main] INFO: POST /api/auth/register 422 0.003s
2026-09-17 15:09:25,359 [main] INFO: POST /api/auth/login 401 0.083s
2026-09-17 15:09:25,749 [main] INFO: POST /api/auth/login 401 0.006s
2026-09-17 15:09:26,161 [main] INFO: POST /api/admin/notifications 401 0.004s
2026-09-17 15:09:26,232 [main] INFO: GET /api/notifications/ 401 0.003s
2026-09-17 15:09:26,309 [main] INFO: POST /api/notifications/1/read 401 0.002s
2026-09-17 15:09:26,381 [main] INFO: GET /api/notifications/unread-count 401 0.002s
2026-09-17 15:09:26,449 [main] INFO: POST /api/auth/sessions/revoke-all 401 0.002s
2026-09-17 15:09:26,518 [main] INFO: GET /api/auth/me 401 0.002s
2026-09-17 15:09:35,137 [passlib.handlers.bcrypt] WARNING: (trapped) error reading bcrypt version
Traceback (most recent call last):
  File "C:\Users\user\AppData\Local\Temp\bindin_venv\Lib\site-packages\passlib\handlers\bcrypt.py", line 620, in _load_backend_mixin
    version = _bcrypt.__about__.__version__
              ^^^^^^^^^^^^^^^^^
AttributeError: module 'bcrypt' has no attribute '__about__'
2026-09-17 15:09:35,530 [main] INFO: POST /api/auth/register 201 0.402s
2026-09-17 15:09:35,957 [main] INFO: POST /api/auth/register 201 0.360s
2026-09-17 15:09:46,904 [main] INFO: POST /api/auth/login 200 0.379s
2026-09-17 15:09:47,403 [main] INFO: POST /api/auth/login 200 0.371s
2026-09-17 15:09:47,563 [main] INFO: POST /api/admin/notifications 201 0.076s
2026-09-17 15:09:47,670 [main] INFO: GET /api/notifications/ 200 0.038s
2026-09-17 15:09:47,798 [main] INFO: POST /api/notifications/1/read 200 0.053s
2026-09-17 15:09:47,894 [main] INFO: GET /api/notifications/unread-count 200 0.028s
2026-09-17 15:09:48,009 [main] INFO: POST /api/auth/sessions/revoke-all 200 0.044s
2026-09-17 15:09:48,083 [main] INFO: GET /api/auth/me 401 0.007s
2026-09-17 15:09:58,786 [main] INFO: POST /api/auth/register 201 0.362s
2026-09-17 15:10:06,082 [main] INFO: POST /api/auth/login 200 0.380s
2026-09-17 15:10:06,226 [main] INFO: GET /api/transaction/ 200 0.051s
2026-09-17 15:10:25,508 [main] INFO: GET /auth 200 0.150s
2026-09-17 15:10:25,527 [main] INFO: GET /static/bindin-icon-64.png 200 0.003s
2026-09-17 15:10:25,673 [main] INFO: GET /static/bindin-icon-32.png 200 0.002s
2026-09-17 15:10:32,020 [main] INFO: GET /favicon.ico 404 0.002s
2026-09-17 15:11:09,626 [main] INFO: GET /favicon.ico 404 0.001s
2026-09-17 15:11:35,053 [main] INFO: POST /api/auth/login 200 0.360s
2026-09-17 15:11:35,067 [main] INFO: GET /dashboard 200 0.002s
2026-09-17 15:11:35,087 [main] INFO: GET /static/css/dashboard.css 200 0.002s
2026-09-17 15:11:35,094 [main] INFO: GET /static/js/dashboard.js 200 0.002s
2026-09-17 15:11:35,145 [main] INFO: GET /api/auth/me 200 0.045s
2026-09-17 15:11:35,167 [main] INFO: GET /api/notifications/unread-count 200 0.060s
2026-09-17 15:11:35,174 [main] INFO: GET /favicon.ico 404 0.001s
2026-09-17 15:11:35,270 [main] INFO: GET /api/application/ 200 0.081s
2026-09-17 15:11:35,304 [main] INFO: GET /api/transaction/ 200 0.112s
2026-09-17 15:11:35,307 [main] INFO: GET /api/card/ 200 0.113s
2026-09-17 15:12:10,747 [main] INFO: PATCH /api/auth/me 200 0.050s
2026-09-17 15:12:10,780 [main] INFO: GET /api/auth/me 200 0.023s
2026-09-17 15:12:10,811 [main] INFO: GET /api/auth/me 200 0.025s
2026-09-17 15:12:10,854 [main] INFO: GET /api/card/ 200 0.031s
2026-09-17 15:12:10,905 [main] INFO: GET /api/application/ 200 0.088s
2026-09-17 15:12:10,918 [main] INFO: GET /api/transaction/ 200 0.102s
2026-09-17 15:12:25,410 [main] INFO: GET /notifications 200 0.002s
2026-09-17 15:12:25,460 [main] INFO: GET /favicon.ico 404 0.010s
2026-09-17 15:12:25,503 [main] INFO: GET /api/notifications/unread-count 200 0.059s
2026-09-17 15:12:25,516 [main] INFO: GET /api/notifications/ 200 0.077s
2026-09-17 15:12:25,930 [main] INFO: GET /api/notifications/unread-count 200 0.026s
2026-09-17 15:12:35,609 [main] INFO: GET /dashboard 200 0.005s
2026-09-17 15:12:35,630 [main] INFO: GET /static/css/dashboard.css 304 0.003s
2026-09-17 15:12:35,632 [main] INFO: GET /static/js/dashboard.js 304 0.004s
2026-09-17 15:12:35,665 [main] INFO: GET /favicon.ico 404 0.001s
2026-09-17 15:12:35,674 [main] INFO: GET /api/auth/me 200 0.035s
2026-09-17 15:12:35,694 [main] INFO: GET /api/notifications/unread-count 200 0.053s
2026-09-17 15:12:35,765 [main] INFO: GET /api/transaction/ 200 0.040s
2026-09-17 15:12:35,790 [main] INFO: GET /api/application/ 200 0.067s
2026-09-17 15:12:35,817 [main] INFO: GET /api/card/ 200 0.089s
2026-09-17 15:12:49,130 [main] INFO: GET /favicon.ico 404 0.002s
2026-09-17 15:12:59,210 [main] INFO: POST /api/auth/login 200 0.391s
2026-09-17 15:12:59,225 [main] INFO: GET /admin 200 0.002s
2026-09-17 15:12:59,294 [main] INFO: GET /favicon.ico 404 0.001s
2026-09-17 15:12:59,306 [main] INFO: GET /api/notifications/unread-count 200 0.048s
2026-09-17 15:12:59,338 [main] INFO: GET /api/admin/stats 200 0.086s
2026-09-17 15:13:25,450 [main] INFO: POST /api/admin/notifications 201 0.073s
2026-09-17 15:15:13,782 [apscheduler.scheduler] INFO: Adding job tentatively -- it will be properly scheduled when the scheduler starts
2026-09-17 15:15:13,786 [apscheduler.scheduler] INFO: Added job "schedule_wrapper" to job store "default"
2026-09-17 15:15:13,786 [apscheduler.scheduler] INFO: Scheduler started
2026-09-17 15:15:14,857 [main] INFO: GET / 200 0.213s
2026-09-17 15:15:14,885 [main] INFO: GET /static/bindin-icon-64.png 304 0.002s
2026-09-17 15:15:14,914 [main] INFO: GET /dashboard 200 0.002s
2026-09-17 15:15:15,097 [main] INFO: GET /static/css/dashboard.css 200 0.004s
2026-09-17 15:15:15,098 [main] INFO: GET /static/js/dashboard.js 200 0.005s
2026-09-17 15:15:26,372 [main] INFO: GET /static/downloads/bindin-1.2.apk 200 0.002s
2026-09-17 15:15:34,462 [main] INFO: GET /auth 200 0.003s
2026-09-17 15:15:53,025 [apscheduler.scheduler] INFO: Scheduler has been shut down
2026-09-17 15:16:33,968 [apscheduler.scheduler] INFO: Adding job tentatively -- it will be properly scheduled when the scheduler starts
2026-09-17 15:16:33,970 [apscheduler.scheduler] INFO: Added job "schedule_wrapper" to job store "default"
2026-09-17 15:16:33,970 [apscheduler.scheduler] INFO: Scheduler started
2026-09-17 15:16:38,284 [passlib.handlers.bcrypt] WARNING: (trapped) error reading bcrypt version
Traceback (most recent call last):
  File "C:\Users\user\Pictures\subscription-manager\venv\Lib\site-packages\passlib\handlers\bcrypt.py", line 620, in _load_backend_mixin
    version = _bcrypt.__about__.__version__
              ^^^^^^^^^^^^^^^^^
AttributeError: module 'bcrypt' has no attribute '__about__'
2026-09-17 15:16:38,835 [main] INFO: POST /api/auth/login 401 4.634s
2026-09-17 15:16:43,868 [main] INFO: POST /api/auth/login 401 0.848s
2026-09-17 15:16:46,650 [main] INFO: GET /auth 200 0.191s
2026-09-17 15:16:51,599 [main] INFO: POST /api/auth/login 200 1.178s
2026-09-17 15:16:51,618 [main] INFO: GET /dashboard 200 0.005s
2026-09-17 15:16:51,669 [main] INFO: GET /static/css/dashboard.css 304 0.006s
2026-09-17 15:16:51,674 [main] INFO: GET /static/js/dashboard.js 304 0.002s
2026-09-17 15:16:53,580 [main] INFO: GET /api/auth/me 200 1.863s
2026-09-17 15:16:55,687 [main] INFO: GET /api/notifications/unread-count 200 3.961s
2026-09-17 15:16:57,745 [main] INFO: GET /api/card/ 200 4.148s
2026-09-17 15:16:58,785 [main] INFO: GET /api/application/ 200 5.197s
2026-09-17 15:16:59,283 [main] INFO: GET /api/transaction/ 200 5.688s
2026-09-17 15:17:02,131 [main] INFO: GET /notifications 200 0.003s
2026-09-17 15:17:03,740 [main] INFO: GET /api/notifications/unread-count 200 1.532s
2026-09-17 15:17:03,885 [main] INFO: GET /api/notifications/ 200 1.724s
2026-09-17 15:17:10,004 [main] INFO: GET /dashboard/cards 200 0.002s
2026-09-17 15:17:11,447 [main] INFO: GET /api/notifications/unread-count 200 1.366s
2026-09-17 15:17:11,867 [main] INFO: GET /api/card/ 200 1.831s
2026-09-17 15:17:13,290 [main] INFO: GET /dashboard/applications 200 0.002s
2026-09-17 15:17:14,715 [main] INFO: GET /api/notifications/unread-count 200 1.377s
2026-09-17 15:17:15,952 [main] INFO: GET /api/application/ 200 2.616s
2026-09-17 15:17:21,005 [main] INFO: GET /dashboard/transactions 200 0.003s
2026-09-17 15:17:22,464 [main] INFO: GET /api/notifications/unread-count 200 1.384s
2026-09-17 15:17:23,977 [main] INFO: GET /api/transaction/ 200 2.899s
2026-09-17 15:17:47,029 [main] INFO: GET / 200 0.003s
2026-09-17 15:17:57,382 [main] INFO: POST /api/auth/login 200 1.401s
2026-09-17 15:17:57,399 [main] INFO: GET /admin 200 0.003s
2026-09-17 15:17:58,820 [main] INFO: GET /api/notifications/unread-count 200 1.377s
2026-09-17 15:18:01,388 [main] INFO: GET /api/admin/stats 200 3.955s
2026-09-17 15:18:09,321 [main] INFO: POST /api/admin/run-billing-cycle 200 2.258s
2026-09-17 15:18:13,097 [main] INFO: GET /api/admin/stats 200 3.771s
2026-09-17 15:18:17,035 [main] INFO: GET /admin/transactions 200 0.003s
2026-09-17 15:18:18,299 [main] INFO: GET /api/notifications/unread-count 200 1.217s
2026-09-17 15:18:20,762 [main] INFO: GET /api/admin/transactions 200 3.689s
2026-09-17 15:18:34,142 [main] INFO: GET /admin/applications 200 0.003s
2026-09-17 15:18:34,172 [main] INFO: GET /static/css/dashboard.css 304 0.004s
2026-09-17 15:18:34,176 [main] INFO: GET /static/js/dashboard.js 304 0.003s
2026-09-17 15:18:35,550 [main] INFO: GET /api/notifications/unread-count 200 1.361s
2026-09-17 15:18:36,314 [main] INFO: GET /api/admin/applications 200 2.128s
2026-09-17 15:18:47,894 [main] INFO: PATCH /api/admin/applications/4/deactivate 200 3.858s
2026-09-17 15:18:50,110 [main] INFO: GET /api/admin/applications 200 2.208s
2026-09-17 15:18:52,221 [main] INFO: GET /admin/users 200 0.004s
2026-09-17 15:18:53,653 [main] INFO: GET /api/notifications/unread-count 200 1.384s
2026-09-17 15:18:53,951 [main] INFO: GET /api/admin/users 200 1.691s
2026-09-17 15:18:58,018 [main] INFO: GET /api/notifications/unread-count 200 1.369s
2026-09-17 15:18:59,513 [main] INFO: GET /api/admin/stats 200 2.877s
2026-09-17 15:19:14,895 [main] INFO: POST /api/admin/notifications 201 2.630s
2026-09-17 15:19:17,322 [main] INFO: GET /notifications 200 0.002s
2026-09-17 15:19:18,771 [main] INFO: GET /api/notifications/unread-count 200 1.401s
2026-09-17 15:19:19,081 [main] INFO: GET /api/notifications/ 200 1.719s
2026-09-17 15:19:20,363 [main] INFO: GET /api/notifications/unread-count 200 1.273s
2026-09-17 15:19:23,147 [main] INFO: POST /api/notifications/1/read 200 2.253s
2026-09-17 15:19:24,550 [main] INFO: GET /api/notifications/unread-count 200 1.398s
2026-09-17 15:19:28,125 [main] INFO: GET /api/notifications/unread-count 200 1.398s
2026-09-17 15:19:29,286 [main] INFO: GET /api/admin/stats 200 2.568s
2026-09-17 15:19:34,466 [main] INFO: GET /printables 200 0.003s
2026-09-17 15:19:35,749 [main] INFO: GET /api/notifications/unread-count 200 1.245s
2026-09-17 15:19:37,434 [main] INFO: GET /api/admin/transactions 200 2.934s
2026-09-21 10:51:07,474 [apscheduler.scheduler] INFO: Adding job tentatively -- it will be properly scheduled when the scheduler starts
2026-09-21 10:51:07,475 [apscheduler.scheduler] INFO: Added job "schedule_wrapper" to job store "default"
2026-09-21 10:51:07,476 [apscheduler.scheduler] INFO: Scheduler started
2026-09-21 10:51:07,992 [main] INFO: GET /health 200 0.125s
2026-09-21 10:51:14,781 [passlib.handlers.bcrypt] WARNING: (trapped) error reading bcrypt version
Traceback (most recent call last):
  File "C:\Users\user\AppData\Local\Temp\bindin_venv\Lib\site-packages\passlib\handlers\bcrypt.py", line 620, in _load_backend_mixin
    version = _bcrypt.__about__.__version__
              ^^^^^^^^^^^^^^^^^
AttributeError: module 'bcrypt' has no attribute '__about__'
2026-09-21 10:51:15,211 [main] INFO: POST /api/auth/register 201 0.602s
2026-09-21 10:51:15,678 [main] INFO: POST /api/auth/register 201 0.414s
2026-09-21 10:51:26,987 [main] INFO: POST /api/auth/login 200 0.511s
2026-09-21 10:51:27,530 [main] INFO: POST /api/auth/login 200 0.432s
2026-09-21 10:51:27,679 [main] INFO: POST /api/application/ 201 0.064s
2026-09-21 10:51:28,127 [main] INFO: POST /api/application/link/1 200 0.090s
2026-09-21 10:51:38,211 [main] INFO: POST /api/auth/login 200 0.356s
2026-09-21 10:51:38,324 [main] INFO: POST /api/application/1/charge 400 0.029s
2026-09-21 10:51:48,337 [main] INFO: POST /api/auth/register 201 0.347s
2026-09-21 10:51:48,913 [main] INFO: POST /api/auth/login 200 0.357s
2026-09-21 10:51:49,008 [main] INFO: POST /api/admin/applications/1/retry-charge 400 0.025s
2026-09-21 11:35:41,710 [apscheduler.scheduler] INFO: Adding job tentatively -- it will be properly scheduled when the scheduler starts
2026-09-21 11:35:41,712 [apscheduler.scheduler] INFO: Added job "schedule_wrapper" to job store "default"
2026-09-21 11:35:41,712 [apscheduler.scheduler] INFO: Scheduler started
2026-09-21 11:35:42,198 [main] INFO: GET /health 200 0.141s
2026-09-21 11:35:49,136 [main] INFO: POST /api/auth/login 401 0.062s
